Node_i ,Node_j ,"A[i,j]" ,"A[j,i]" ,Diff                   ,Direction
    11 ,    17 ,  0.0259 ,  0.5167 ,0.49080000000000007    ,17->11
    35 ,    37 ,  0.305  ,  0.791  ,0.48600000000000004    ,37->35
    12 ,    17 ,  0.0975 ,  0.5748 ,0.47729999999999995    ,17->12
    39 ,    42 ,  0.0773 ,  0.5465 ,0.4692                 ,42->39
    13 ,    17 ,  0.0527 ,  0.5102 ,0.4575                 ,17->13
    10 ,    17 ,  0.0277 ,  0.4851 ,0.4574                 ,17->10
    36 ,    42 ,  0.0695 ,  0.5262 ,0.4567                 ,42->36
    35 ,    42 ,  0.0507 ,  0.4755 ,0.42479999999999996    ,42->35
    36 ,    47 ,  0.0687 ,  0.4914 ,0.4227                 ,47->36
    14 ,    17 ,  0.0398 ,  0.4611 ,0.4213                 ,17->14
    10 ,    38 ,  0.1213 ,  0.5414 ,0.4201                 ,38->10
    35 ,    47 ,  0.0736 ,  0.4878 ,0.4142                 ,47->35
    32 ,    36 ,  0.4672 ,  0.0612 ,0.406                  ,32->36
    38 ,    42 ,  0.1027 ,  0.5025 ,0.39979999999999993    ,42->38
    32 ,    35 ,  0.449  ,  0.0513 ,0.3977                 ,32->35
     7 ,    10 ,  0.5355 ,  0.1442 ,0.3913                 ,7->10
    32 ,    39 ,  0.4603 ,  0.0719 ,0.38839999999999997    ,32->39
    39 ,    47 ,  0.0778 ,  0.4595 ,0.38170000000000004    ,47->39
    39 ,    43 ,  0.0671 ,  0.4461 ,0.379                  ,43->39
     7 ,    11 ,  0.5574 ,  0.1797 ,0.37770000000000004    ,7->11
    10 ,    36 ,  0.2531 ,  0.6231 ,0.37                   ,36->10
    10 ,    12 ,  0.4313 ,  0.7988 ,0.36749999999999994    ,12->10
    11 ,    38 ,  0.1371 ,  0.4998 ,0.3627                 ,38->11
    32 ,    38 ,  0.4749 ,  0.1183 ,0.3566                 ,32->38
    11 ,    37 ,  0.051  ,  0.4063 ,0.3553                 ,37->11
     6 ,    10 ,  0.6174 ,  0.2622 ,0.35519999999999996    ,6->10
    35 ,    48 ,  0.0589 ,  0.4129 ,0.354                  ,48->35
     2 ,    11 ,  0.4194 ,  0.0698 ,0.3496                 ,2->11
     7 ,    14 ,  0.5927 ,  0.2466 ,0.34609999999999996    ,7->14
    35 ,    38 ,  0.4498 ,  0.7947 ,0.3449                 ,38->35
    36 ,    48 ,  0.0519 ,  0.3961 ,0.3442                 ,48->36
    10 ,    37 ,  0.0503 ,  0.3932 ,0.3429                 ,37->10
    13 ,    35 ,  0.6677 ,  0.3325 ,0.33519999999999994    ,13->35
     2 ,    10 ,  0.4006 ,  0.0657 ,0.33490000000000003    ,2->10
    36 ,    43 ,  0.071  ,  0.4041 ,0.3331                 ,43->36
     7 ,    35 ,  0.4501 ,  0.1181 ,0.332                  ,7->35
     2 ,    14 ,  0.4387 ,  0.1086 ,0.33009999999999995    ,2->14
     5 ,    10 ,  0.5485 ,  0.2208 ,0.3277                 ,5->10
    13 ,    22 ,  0.0271 ,  0.3538 ,0.3267                 ,22->13
    10 ,    39 ,  0.3031 ,  0.6294 ,0.3263                 ,39->10
    36 ,    37 ,  0.5291 ,  0.8491 ,0.31999999999999995    ,37->36
    11 ,    12 ,  0.5348 ,  0.8544 ,0.3196                 ,12->11
    35 ,    43 ,  0.0517 ,  0.3701 ,0.31839999999999996    ,43->35
    27 ,    35 ,  0.3918 ,  0.0735 ,0.31829999999999997    ,27->35
    11 ,    47 ,  0.0471 ,  0.3606 ,0.3135                 ,47->11
    33 ,    39 ,  0.3873 ,  0.0738 ,0.3135                 ,33->39
    12 ,    22 ,  0.0296 ,  0.3422 ,0.3126                 ,22->12
    10 ,    13 ,  0.4966 ,  0.8084 ,0.3118                 ,13->10
     6 ,    17 ,  0.0375 ,  0.3492 ,0.31170000000000003    ,17->6
    10 ,    47 ,  0.0519 ,  0.3574 ,0.3055                 ,47->10
    37 ,    42 ,  0.2009 ,  0.5045 ,0.3036                 ,42->37
    33 ,    38 ,  0.4107 ,  0.1086 ,0.30210000000000004    ,33->38
     5 ,    17 ,  0.0259 ,  0.3274 ,0.30150000000000005    ,17->5
    37 ,    39 ,  0.8383 ,  0.5378 ,0.3005000000000001     ,37->39
    27 ,    36 ,  0.3796 ,  0.0806 ,0.299                  ,27->36
    38 ,    43 ,  0.0829 ,  0.3805 ,0.2976                 ,43->38
     6 ,    11 ,  0.5756 ,  0.2796 ,0.296                  ,6->11
    11 ,    22 ,  0.018  ,  0.3139 ,0.2959                 ,22->11
    12 ,    35 ,  0.5612 ,  0.2664 ,0.2948                 ,12->35
    33 ,    36 ,  0.363  ,  0.0688 ,0.2942                 ,33->36
    11 ,    42 ,  0.0218 ,  0.3154 ,0.2936                 ,42->11
    10 ,    42 ,  0.0248 ,  0.3183 ,0.29350000000000004    ,42->10
     2 ,    35 ,  0.3672 ,  0.0771 ,0.2901                 ,2->35
    14 ,    22 ,  0.0241 ,  0.3137 ,0.28959999999999997    ,22->14
     1 ,    35 ,  0.3804 ,  0.0928 ,0.2876                 ,1->35
     7 ,    22 ,  0.0346 ,  0.3187 ,0.28409999999999996    ,22->7
    14 ,    47 ,  0.0699 ,  0.3533 ,0.2834                 ,47->14
    11 ,    27 ,  0.0584 ,  0.3411 ,0.2827                 ,27->11
     5 ,     7 ,  0.2331 ,  0.512  ,0.27890000000000004    ,7->5
    33 ,    35 ,  0.327  ,  0.052  ,0.275                  ,33->35
    39 ,    48 ,  0.0717 ,  0.3463 ,0.2746                 ,48->39
    38 ,    47 ,  0.0812 ,  0.3538 ,0.2726                 ,47->38
    11 ,    13 ,  0.5702 ,  0.8413 ,0.2711                 ,13->11
    17 ,    35 ,  0.2852 ,  0.0169 ,0.2683                 ,17->35
    10 ,    29 ,  0.1127 ,  0.3808 ,0.2681                 ,29->10
    10 ,    27 ,  0.0633 ,  0.3301 ,0.26680000000000004    ,27->10
    35 ,    49 ,  0.0755 ,  0.342  ,0.2665                 ,49->35
     2 ,    13 ,  0.4283 ,  0.1635 ,0.26480000000000004    ,2->13
    36 ,    49 ,  0.05   ,  0.314  ,0.264                  ,49->36
    27 ,    39 ,  0.3548 ,  0.0929 ,0.2619                 ,27->39
    10 ,    26 ,  0.0749 ,  0.3323 ,0.25739999999999996    ,26->10
    32 ,    37 ,  0.4553 ,  0.1982 ,0.2571                 ,32->37
    14 ,    42 ,  0.0381 ,  0.2946 ,0.25649999999999995    ,42->14
     1 ,    10 ,  0.3121 ,  0.0567 ,0.25539999999999996    ,1->10
     5 ,    11 ,  0.5124 ,  0.2577 ,0.2547                 ,5->11
    26 ,    35 ,  0.3703 ,  0.1184 ,0.2519                 ,26->35
    11 ,    36 ,  0.3009 ,  0.5497 ,0.24879999999999997    ,36->11
    10 ,    22 ,  0.0203 ,  0.2645 ,0.24420000000000003    ,22->10
    39 ,    49 ,  0.0702 ,  0.3095 ,0.2393                 ,49->39
    11 ,    18 ,  0.028  ,  0.2669 ,0.23890000000000003    ,18->11
    36 ,    38 ,  0.5666 ,  0.8054 ,0.2388                 ,38->36
     1 ,    36 ,  0.3137 ,  0.0777 ,0.236                  ,1->36
     8 ,    10 ,  0.4501 ,  0.2142 ,0.2359                 ,8->10
     1 ,    11 ,  0.2929 ,  0.0571 ,0.2358                 ,1->11
    14 ,    27 ,  0.0822 ,  0.3165 ,0.2343                 ,27->14
     1 ,    14 ,  0.3361 ,  0.1019 ,0.23420000000000002    ,1->14
    13 ,    18 ,  0.0496 ,  0.2838 ,0.2342                 ,18->13
     2 ,    22 ,  0.0618 ,  0.2952 ,0.23340000000000002    ,22->2
    26 ,    36 ,  0.363  ,  0.1317 ,0.23129999999999998    ,26->36
     7 ,    17 ,  0.0536 ,  0.2837 ,0.2301                 ,17->7
    31 ,    38 ,  0.2915 ,  0.0623 ,0.2292                 ,31->38
    11 ,    26 ,  0.0805 ,  0.3093 ,0.2288                 ,26->11
    12 ,    18 ,  0.076  ,  0.3037 ,0.2277                 ,18->12
    31 ,    36 ,  0.2736 ,  0.0459 ,0.2277                 ,31->36
     6 ,     7 ,  0.4205 ,  0.6477 ,0.22720000000000007    ,7->6
    11 ,    29 ,  0.099  ,  0.3236 ,0.2246                 ,29->11
    31 ,    37 ,  0.3105 ,  0.0861 ,0.2244                 ,31->37
     1 ,    39 ,  0.3199 ,  0.0956 ,0.2243                 ,1->39
    13 ,    47 ,  0.0663 ,  0.2884 ,0.2221                 ,47->13
    10 ,    48 ,  0.0592 ,  0.2812 ,0.222                  ,48->10
     4 ,    35 ,  0.3242 ,  0.1036 ,0.2206                 ,4->35
     9 ,    10 ,  0.4519 ,  0.2318 ,0.22010000000000002    ,9->10
    11 ,    39 ,  0.3338 ,  0.5527 ,0.21889999999999998    ,39->11
     6 ,    22 ,  0.0232 ,  0.2405 ,0.2173                 ,22->6
    28 ,    36 ,  0.2943 ,  0.0773 ,0.21700000000000003    ,28->36
     7 ,    13 ,  0.6378 ,  0.4219 ,0.21590000000000004    ,7->13
     7 ,     9 ,  0.5403 ,  0.3257 ,0.2146                 ,7->9
     7 ,    39 ,  0.2944 ,  0.0804 ,0.214                  ,7->39
    11 ,    32 ,  0.0401 ,  0.2535 ,0.2134                 ,32->11
    10 ,    15 ,  0.0347 ,  0.2472 ,0.2125                 ,15->10
    14 ,    37 ,  0.0964 ,  0.3079 ,0.21150000000000002    ,37->14
    10 ,    32 ,  0.0393 ,  0.2499 ,0.2106                 ,32->10
    14 ,    18 ,  0.0354 ,  0.2446 ,0.2092                 ,18->14
     5 ,    22 ,  0.0221 ,  0.2309 ,0.20879999999999999    ,22->5
    10 ,    18 ,  0.0335 ,  0.2419 ,0.2084                 ,18->10
    37 ,    47 ,  0.1423 ,  0.3504 ,0.20809999999999998    ,47->37
    31 ,    39 ,  0.2644 ,  0.0571 ,0.20730000000000004    ,31->39
    13 ,    39 ,  0.4328 ,  0.2257 ,0.2071                 ,13->39
    14 ,    29 ,  0.1365 ,  0.3425 ,0.20600000000000002    ,29->14
    14 ,    48 ,  0.0827 ,  0.288  ,0.20529999999999998    ,48->14
    11 ,    43 ,  0.0278 ,  0.2328 ,0.20500000000000002    ,43->11
    39 ,    44 ,  0.0504 ,  0.2534 ,0.203                  ,44->39
    11 ,    48 ,  0.0629 ,  0.2651 ,0.2022                 ,48->11
     6 ,    35 ,  0.3697 ,  0.1677 ,0.20199999999999999    ,6->35
    10 ,    43 ,  0.0306 ,  0.2306 ,0.2                    ,43->10
    33 ,    37 ,  0.3593 ,  0.1593 ,0.2                    ,33->37
    22 ,    35 ,  0.2195 ,  0.0196 ,0.1999                 ,22->35
    14 ,    15 ,  0.0421 ,  0.2404 ,0.1983                 ,15->14
     2 ,    39 ,  0.255  ,  0.0581 ,0.19690000000000002    ,2->39
     0 ,    10 ,  0.264  ,  0.0674 ,0.1966                 ,0->10
     8 ,    35 ,  0.3481 ,  0.1525 ,0.19560000000000002    ,8->35
    28 ,    35 ,  0.2767 ,  0.0816 ,0.1951                 ,28->35
     5 ,    35 ,  0.3863 ,  0.1912 ,0.19509999999999997    ,5->35
    26 ,    39 ,  0.3308 ,  0.1359 ,0.1949                 ,26->39
    10 ,    45 ,  0.0864 ,  0.2809 ,0.19449999999999998    ,45->10
    14 ,    32 ,  0.0597 ,  0.2535 ,0.1938                 ,32->14
     7 ,     8 ,  0.5202 ,  0.3295 ,0.19069999999999998    ,7->8
     2 ,    36 ,  0.2486 ,  0.0585 ,0.1901                 ,2->36
    10 ,    33 ,  0.0412 ,  0.2308 ,0.1896                 ,33->10
    34 ,    36 ,  0.2416 ,  0.0522 ,0.1894                 ,34->36
     1 ,    22 ,  0.0366 ,  0.2252 ,0.18860000000000002    ,22->1
     3 ,    10 ,  0.2783 ,  0.09   ,0.1883                 ,3->10
     9 ,    17 ,  0.036  ,  0.2237 ,0.1877                 ,17->9
    10 ,    46 ,  0.106  ,  0.2922 ,0.18620000000000003    ,46->10
    38 ,    48 ,  0.0793 ,  0.2648 ,0.1855                 ,48->38
    10 ,    16 ,  0.0417 ,  0.2266 ,0.1849                 ,16->10
     2 ,     4 ,  0.3553 ,  0.1718 ,0.1835                 ,2->4
    11 ,    15 ,  0.0293 ,  0.2127 ,0.1834                 ,15->11
     7 ,    36 ,  0.2613 ,  0.078  ,0.18329999999999996    ,7->36
     2 ,    12 ,  0.343  ,  0.16   ,0.18300000000000002    ,2->12
    10 ,    28 ,  0.098  ,  0.2808 ,0.1828                 ,28->10
    12 ,    14 ,  0.7803 ,  0.5983 ,0.18199999999999994    ,12->14
     5 ,    12 ,  0.3816 ,  0.562  ,0.18040000000000006    ,12->5
    27 ,    38 ,  0.304  ,  0.1243 ,0.1797                 ,27->38
    13 ,    42 ,  0.0293 ,  0.208  ,0.1787                 ,42->13
    34 ,    35 ,  0.2319 ,  0.0532 ,0.1787                 ,34->35
    34 ,    39 ,  0.2372 ,  0.0588 ,0.1784                 ,34->39
    13 ,    27 ,  0.0904 ,  0.268  ,0.17760000000000004    ,27->13
    10 ,    25 ,  0.0906 ,  0.268  ,0.1774                 ,25->10
    29 ,    35 ,  0.2754 ,  0.0993 ,0.17609999999999998    ,29->35
    35 ,    44 ,  0.0482 ,  0.223  ,0.1748                 ,44->35
    31 ,    35 ,  0.2242 ,  0.0496 ,0.1746                 ,31->35
    11 ,    33 ,  0.031  ,  0.2054 ,0.1744                 ,33->11
    14 ,    16 ,  0.0468 ,  0.2204 ,0.1736                 ,16->14
    17 ,    39 ,  0.1859 ,  0.0131 ,0.1728                 ,17->39
    14 ,    43 ,  0.039  ,  0.2117 ,0.1727                 ,43->14
    11 ,    45 ,  0.0857 ,  0.2579 ,0.17220000000000002    ,45->11
    11 ,    16 ,  0.0309 ,  0.203  ,0.1721                 ,16->11
     3 ,    35 ,  0.2453 ,  0.0749 ,0.1704                 ,3->35
     8 ,    11 ,  0.382  ,  0.2116 ,0.1704                 ,8->11
    10 ,    14 ,  0.7089 ,  0.879  ,0.17010000000000003    ,14->10
     4 ,    39 ,  0.2819 ,  0.1134 ,0.16849999999999998    ,4->39
     1 ,     3 ,  0.313  ,  0.1452 ,0.1678                 ,1->3
    10 ,    34 ,  0.0506 ,  0.2157 ,0.1651                 ,34->10
     4 ,    36 ,  0.2726 ,  0.1094 ,0.1632                 ,4->36
    17 ,    36 ,  0.1749 ,  0.012  ,0.1629                 ,17->36
     0 ,     2 ,  0.1911 ,  0.3534 ,0.1623                 ,2->0
     8 ,    17 ,  0.0502 ,  0.2105 ,0.1603                 ,17->8
     0 ,    22 ,  0.0252 ,  0.1843 ,0.1591                 ,22->0
    11 ,    28 ,  0.0803 ,  0.2393 ,0.15900000000000003    ,28->11
     6 ,    14 ,  0.5347 ,  0.3768 ,0.15789999999999993    ,6->14
    36 ,    44 ,  0.0561 ,  0.2138 ,0.1577                 ,44->36
     6 ,    18 ,  0.0385 ,  0.1954 ,0.15689999999999998    ,18->6
     1 ,    13 ,  0.2836 ,  0.1268 ,0.15680000000000002    ,1->13
     9 ,    22 ,  0.0251 ,  0.1819 ,0.1568                 ,22->9
    14 ,    28 ,  0.1104 ,  0.2667 ,0.1563                 ,28->14
    37 ,    43 ,  0.1735 ,  0.3292 ,0.1557                 ,43->37
    35 ,    45 ,  0.088  ,  0.243  ,0.155                  ,45->35
    29 ,    36 ,  0.2488 ,  0.0939 ,0.15489999999999998    ,29->36
    14 ,    35 ,  0.6736 ,  0.5191 ,0.15449999999999997    ,14->35
     5 ,    18 ,  0.0247 ,  0.179  ,0.1543                 ,18->5
     4 ,    10 ,  0.2194 ,  0.0655 ,0.1539                 ,4->10
    13 ,    36 ,  0.3756 ,  0.2218 ,0.1538                 ,13->36
    11 ,    34 ,  0.0438 ,  0.1971 ,0.1533                 ,34->11
    12 ,    39 ,  0.308  ,  0.1549 ,0.15309999999999999    ,12->39
     8 ,    22 ,  0.0304 ,  0.1829 ,0.1525                 ,22->8
    13 ,    32 ,  0.0691 ,  0.2213 ,0.1522                 ,32->13
     3 ,    14 ,  0.3037 ,  0.1518 ,0.15190000000000003    ,3->14
     3 ,    22 ,  0.0272 ,  0.1791 ,0.1519                 ,22->3
    10 ,    19 ,  0.0374 ,  0.1892 ,0.1518                 ,19->10
     5 ,    14 ,  0.4813 ,  0.3301 ,0.1512                 ,5->14
    37 ,    38 ,  0.8378 ,  0.6869 ,0.15090000000000003    ,37->38
    26 ,    42 ,  0.0473 ,  0.1981 ,0.1508                 ,42->26
    14 ,    45 ,  0.103  ,  0.2529 ,0.14990000000000003    ,45->14
     0 ,    35 ,  0.2525 ,  0.1032 ,0.1493                 ,0->35
    25 ,    35 ,  0.3058 ,  0.1577 ,0.1481                 ,25->35
    37 ,    48 ,  0.0963 ,  0.2444 ,0.1481                 ,48->37
     3 ,    11 ,  0.2402 ,  0.093  ,0.1472                 ,3->11
     9 ,    11 ,  0.4043 ,  0.2573 ,0.14700000000000002    ,9->11
    22 ,    36 ,  0.1636 ,  0.0167 ,0.1469                 ,22->36
     8 ,    14 ,  0.4231 ,  0.2763 ,0.14679999999999999    ,8->14
    14 ,    26 ,  0.1089 ,  0.2556 ,0.1467                 ,26->14
    14 ,    33 ,  0.0506 ,  0.1971 ,0.1465                 ,33->14
    38 ,    49 ,  0.0652 ,  0.2114 ,0.1462                 ,49->38
    10 ,    35 ,  0.5709 ,  0.7151 ,0.1442                 ,35->10
    11 ,    44 ,  0.0347 ,  0.1787 ,0.144                  ,44->11
    34 ,    38 ,  0.1985 ,  0.0555 ,0.14300000000000002    ,34->38
     0 ,    11 ,  0.2201 ,  0.0775 ,0.1426                 ,0->11
    13 ,    23 ,  0.0253 ,  0.1671 ,0.1418                 ,23->13
    35 ,    46 ,  0.0836 ,  0.2249 ,0.14129999999999998    ,46->35
     2 ,     3 ,  0.3915 ,  0.2511 ,0.14040000000000002    ,2->3
    11 ,    19 ,  0.0313 ,  0.1709 ,0.1396                 ,19->11
    25 ,    42 ,  0.0406 ,  0.179  ,0.1384                 ,42->25
    13 ,    48 ,  0.0921 ,  0.2304 ,0.13829999999999998    ,48->13
    14 ,    34 ,  0.0588 ,  0.1969 ,0.1381                 ,34->14
    14 ,    44 ,  0.0524 ,  0.1904 ,0.138                  ,44->14
    13 ,    15 ,  0.0542 ,  0.1919 ,0.1377                 ,15->13
    14 ,    38 ,  0.2263 ,  0.3638 ,0.1375                 ,38->14
    26 ,    47 ,  0.0693 ,  0.2062 ,0.1369                 ,47->26
     4 ,    11 ,  0.2037 ,  0.0675 ,0.1362                 ,4->11
    17 ,    45 ,  0.1559 ,  0.0214 ,0.1345                 ,17->45
     0 ,    14 ,  0.2472 ,  0.1131 ,0.1341                 ,0->14
    13 ,    16 ,  0.0549 ,  0.1886 ,0.13369999999999999    ,16->13
    10 ,    49 ,  0.0808 ,  0.2136 ,0.13280000000000003    ,49->10
     5 ,    47 ,  0.058  ,  0.1906 ,0.1326                 ,47->5
    12 ,    16 ,  0.0604 ,  0.1921 ,0.13169999999999998    ,16->12
    25 ,    36 ,  0.3101 ,  0.1785 ,0.1316                 ,25->36
    38 ,    44 ,  0.0655 ,  0.197  ,0.1315                 ,44->38
    18 ,    35 ,  0.1538 ,  0.0226 ,0.13119999999999998    ,18->35
    13 ,    43 ,  0.032  ,  0.1626 ,0.1306                 ,43->13
    28 ,    39 ,  0.2222 ,  0.0916 ,0.1306                 ,28->39
    10 ,    44 ,  0.0382 ,  0.1687 ,0.1305                 ,44->10
    15 ,    35 ,  0.1619 ,  0.0314 ,0.1305                 ,15->35
    11 ,    46 ,  0.0873 ,  0.2175 ,0.13019999999999998    ,46->11
    14 ,    19 ,  0.0418 ,  0.172  ,0.13019999999999998    ,19->14
    38 ,    39 ,  0.8523 ,  0.7224 ,0.1298999999999999     ,38->39
    14 ,    23 ,  0.023  ,  0.1513 ,0.1283                 ,23->14
    22 ,    39 ,  0.1453 ,  0.0176 ,0.1277                 ,22->39
    12 ,    47 ,  0.0617 ,  0.1888 ,0.1271                 ,47->12
     5 ,     6 ,  0.493  ,  0.6183 ,0.12529999999999997    ,6->5
     2 ,     5 ,  0.2289 ,  0.104  ,0.1249                 ,2->5
     4 ,    22 ,  0.0274 ,  0.152  ,0.12459999999999999    ,22->4
    12 ,    42 ,  0.0205 ,  0.1448 ,0.12430000000000001    ,42->12
    15 ,    39 ,  0.1514 ,  0.0281 ,0.1233                 ,15->39
     5 ,    39 ,  0.2438 ,  0.1206 ,0.12319999999999999    ,5->39
    11 ,    14 ,  0.7223 ,  0.8452 ,0.1228999999999999     ,14->11
     7 ,    23 ,  0.0342 ,  0.1567 ,0.1225                 ,23->7
    17 ,    46 ,  0.1424 ,  0.0213 ,0.1211                 ,17->46
     6 ,    12 ,  0.5351 ,  0.6557 ,0.12059999999999993    ,12->6
     1 ,     4 ,  0.3613 ,  0.2419 ,0.1194                 ,1->4
    10 ,    41 ,  0.0425 ,  0.1603 ,0.11779999999999999    ,41->10
    13 ,    24 ,  0.0223 ,  0.1386 ,0.1163                 ,24->13
    13 ,    19 ,  0.0499 ,  0.1653 ,0.1154                 ,19->13
    14 ,    49 ,  0.1022 ,  0.217  ,0.1148                 ,49->14
    26 ,    32 ,  0.0623 ,  0.1761 ,0.11380000000000001    ,32->26
    11 ,    25 ,  0.1094 ,  0.2221 ,0.1127                 ,25->11
     9 ,    12 ,  0.4246 ,  0.5362 ,0.11160000000000003    ,12->9
     2 ,     9 ,  0.2238 ,  0.1122 ,0.1116                 ,2->9
    15 ,    36 ,  0.1373 ,  0.026  ,0.11130000000000001    ,15->36
    14 ,    24 ,  0.0215 ,  0.1319 ,0.1104                 ,24->14
     6 ,    47 ,  0.0539 ,  0.1642 ,0.11030000000000001    ,47->6
     2 ,     6 ,  0.2424 ,  0.1326 ,0.10980000000000001    ,2->6
    29 ,    39 ,  0.206  ,  0.0962 ,0.1098                 ,29->39
    25 ,    47 ,  0.0524 ,  0.1621 ,0.10969999999999999    ,47->25
     6 ,    16 ,  0.0433 ,  0.1516 ,0.10830000000000001    ,16->6
    16 ,    35 ,  0.1384 ,  0.0302 ,0.10819999999999999    ,16->35
    13 ,    37 ,  0.088  ,  0.1959 ,0.1079                 ,37->13
    18 ,    36 ,  0.1256 ,  0.0177 ,0.1079                 ,18->36
    26 ,    27 ,  0.1516 ,  0.259  ,0.1074                 ,27->26
    27 ,    28 ,  0.2846 ,  0.1773 ,0.1073                 ,27->28
    12 ,    23 ,  0.0286 ,  0.1356 ,0.107                  ,23->12
    12 ,    32 ,  0.0602 ,  0.1672 ,0.10699999999999998    ,32->12
     5 ,    16 ,  0.0306 ,  0.136  ,0.10540000000000001    ,16->5
     5 ,    45 ,  0.0785 ,  0.1838 ,0.10529999999999999    ,45->5
    11 ,    41 ,  0.0351 ,  0.1403 ,0.10520000000000002    ,41->11
    12 ,    27 ,  0.0798 ,  0.185  ,0.1052                 ,27->12
    13 ,    44 ,  0.046  ,  0.1511 ,0.10510000000000001    ,44->13
     1 ,    24 ,  0.0212 ,  0.1262 ,0.10500000000000001    ,24->1
    37 ,    49 ,  0.0598 ,  0.1645 ,0.10470000000000002    ,49->37
     0 ,    13 ,  0.237  ,  0.1326 ,0.10439999999999999    ,0->13
    26 ,    33 ,  0.0526 ,  0.1569 ,0.1043                 ,33->26
     3 ,    39 ,  0.1759 ,  0.0719 ,0.104                  ,3->39
     5 ,    15 ,  0.0379 ,  0.1419 ,0.104                  ,15->5
    13 ,    21 ,  0.0216 ,  0.1256 ,0.10399999999999998    ,21->13
    35 ,    36 ,  0.7699 ,  0.8735 ,0.10360000000000003    ,36->35
    12 ,    19 ,  0.0679 ,  0.171  ,0.10310000000000001    ,19->12
    34 ,    37 ,  0.1684 ,  0.0655 ,0.10289999999999999    ,34->37
    11 ,    23 ,  0.0179 ,  0.1207 ,0.1028                 ,23->11
    10 ,    23 ,  0.0194 ,  0.122  ,0.1026                 ,23->10
     0 ,     3 ,  0.2187 ,  0.1165 ,0.1022                 ,0->3
    13 ,    14 ,  0.8239 ,  0.7219 ,0.10199999999999998    ,13->14
     2 ,     8 ,  0.2387 ,  0.1373 ,0.10139999999999999    ,2->8
     3 ,    17 ,  0.0153 ,  0.1166 ,0.1013                 ,17->3
    25 ,    32 ,  0.0541 ,  0.1554 ,0.1013                 ,32->25
    18 ,    25 ,  0.1193 ,  0.0183 ,0.101                  ,18->25
     3 ,    16 ,  0.0204 ,  0.1214 ,0.10099999999999999    ,16->3
    35 ,    39 ,  0.7714 ,  0.8724 ,0.10099999999999998    ,39->35
     2 ,    24 ,  0.0287 ,  0.1296 ,0.10089999999999999    ,24->2
     5 ,    48 ,  0.0622 ,  0.1621 ,0.09989999999999999    ,48->5
    12 ,    36 ,  0.262  ,  0.1624 ,0.09960000000000002    ,12->36
     6 ,    15 ,  0.0441 ,  0.1434 ,0.0993                 ,15->6
    10 ,    24 ,  0.0247 ,  0.1238 ,0.0991                 ,24->10
    13 ,    28 ,  0.1175 ,  0.2164 ,0.09890000000000002    ,28->13
     5 ,    42 ,  0.0197 ,  0.1185 ,0.0988                 ,42->5
     7 ,    18 ,  0.0489 ,  0.147  ,0.09809999999999999    ,18->7
     9 ,    35 ,  0.2657 ,  0.1679 ,0.0978                 ,9->35
     4 ,    14 ,  0.2319 ,  0.1345 ,0.09739999999999999    ,4->14
    13 ,    45 ,  0.1341 ,  0.2304 ,0.0963                 ,45->13
    18 ,    39 ,  0.1125 ,  0.0162 ,0.0963                 ,18->39
     0 ,    21 ,  0.0201 ,  0.1163 ,0.09620000000000001    ,21->0
     9 ,    14 ,  0.4051 ,  0.309  ,0.09610000000000002    ,9->14
     1 ,    21 ,  0.022  ,  0.1179 ,0.09590000000000001    ,21->1
    11 ,    49 ,  0.0754 ,  0.1712 ,0.0958                 ,49->11
    19 ,    35 ,  0.1167 ,  0.0212 ,0.0955                 ,19->35
    12 ,    15 ,  0.0568 ,  0.1517 ,0.0949                 ,15->12
    11 ,    24 ,  0.0185 ,  0.1133 ,0.0948                 ,24->11
    27 ,    29 ,  0.2567 ,  0.1623 ,0.09439999999999998    ,27->29
    14 ,    21 ,  0.0216 ,  0.1158 ,0.0942                 ,21->14
    25 ,    39 ,  0.2511 ,  0.1572 ,0.09389999999999998    ,25->39
    39 ,    46 ,  0.0654 ,  0.1583 ,0.0929                 ,46->39
     6 ,    39 ,  0.1964 ,  0.1036 ,0.0928                 ,6->39
     0 ,    20 ,  0.0171 ,  0.1097 ,0.0926                 ,20->0
    30 ,    35 ,  0.1438 ,  0.0513 ,0.09250000000000001    ,30->35
     1 ,    38 ,  0.1792 ,  0.0868 ,0.0924                 ,1->38
     6 ,    42 ,  0.0162 ,  0.1085 ,0.0923                 ,42->6
    35 ,    41 ,  0.0435 ,  0.1357 ,0.09219999999999999    ,41->35
    17 ,    25 ,  0.1038 ,  0.0119 ,0.09190000000000001    ,17->25
     1 ,    20 ,  0.0182 ,  0.1094 ,0.0912                 ,20->1
    24 ,    35 ,  0.1145 ,  0.0236 ,0.09090000000000001    ,24->35
    30 ,    36 ,  0.1464 ,  0.0559 ,0.0905                 ,30->36
     2 ,    38 ,  0.1472 ,  0.0568 ,0.0904                 ,2->38
    26 ,    37 ,  0.1559 ,  0.246  ,0.09009999999999999    ,37->26
    13 ,    34 ,  0.069  ,  0.1589 ,0.08990000000000001    ,34->13
    16 ,    36 ,  0.1134 ,  0.0235 ,0.08990000000000001    ,16->36
     2 ,    20 ,  0.0193 ,  0.1091 ,0.0898                 ,20->2
    22 ,    28 ,  0.1067 ,  0.0173 ,0.08940000000000001    ,22->28
    14 ,    46 ,  0.0962 ,  0.1853 ,0.0891                 ,46->14
     6 ,    23 ,  0.0239 ,  0.1126 ,0.0887                 ,23->6
     8 ,    39 ,  0.1854 ,  0.0972 ,0.08820000000000001    ,8->39
    14 ,    41 ,  0.0542 ,  0.1422 ,0.088                  ,41->14
     0 ,    24 ,  0.0168 ,  0.1047 ,0.0879                 ,24->0
    28 ,    38 ,  0.194  ,  0.1062 ,0.0878                 ,28->38
    25 ,    37 ,  0.1475 ,  0.2347 ,0.0872                 ,37->25
    11 ,    21 ,  0.0179 ,  0.105  ,0.0871                 ,21->11
    13 ,    33 ,  0.0568 ,  0.1438 ,0.08700000000000001    ,33->13
    30 ,    39 ,  0.1489 ,  0.0621 ,0.0868                 ,30->39
    35 ,    40 ,  0.0487 ,  0.1354 ,0.0867                 ,40->35
     1 ,     2 ,  0.3921 ,  0.4787 ,0.08660000000000001    ,2->1
     6 ,    43 ,  0.0196 ,  0.1061 ,0.0865                 ,43->6
    13 ,    29 ,  0.1568 ,  0.2433 ,0.0865                 ,29->13
     7 ,    12 ,  0.6567 ,  0.5705 ,0.08619999999999994    ,7->12
     8 ,    36 ,  0.1814 ,  0.0954 ,0.08600000000000001    ,8->36
    15 ,    26 ,  0.105  ,  0.0192 ,0.0858                 ,15->26
     4 ,     7 ,  0.0861 ,  0.1712 ,0.0851                 ,7->4
     6 ,    19 ,  0.0452 ,  0.13   ,0.08480000000000001    ,19->6
    37 ,    44 ,  0.1043 ,  0.1891 ,0.08479999999999999    ,44->37
     5 ,    13 ,  0.4029 ,  0.4875 ,0.08460000000000001    ,13->5
     2 ,    23 ,  0.0587 ,  0.1432 ,0.08449999999999999    ,23->2
    17 ,    28 ,  0.1008 ,  0.0164 ,0.0844                 ,17->28
     9 ,    18 ,  0.0383 ,  0.1223 ,0.084                  ,18->9
    12 ,    43 ,  0.0246 ,  0.1081 ,0.0835                 ,43->12
    17 ,    18 ,  0.2084 ,  0.125  ,0.0834                 ,17->18
    17 ,    38 ,  0.0965 ,  0.0134 ,0.08310000000000001    ,17->38
    36 ,    41 ,  0.0551 ,  0.1382 ,0.08309999999999998    ,41->36
    25 ,    27 ,  0.1001 ,  0.183  ,0.0829                 ,27->25
    29 ,    42 ,  0.0406 ,  0.1233 ,0.08270000000000001    ,42->29
     3 ,     7 ,  0.1811 ,  0.2633 ,0.08219999999999997    ,7->3
    18 ,    46 ,  0.1123 ,  0.0302 ,0.08209999999999999    ,18->46
    16 ,    39 ,  0.1041 ,  0.0222 ,0.0819                 ,16->39
    18 ,    45 ,  0.0956 ,  0.0138 ,0.08180000000000001    ,18->45
    27 ,    47 ,  0.1529 ,  0.2347 ,0.08179999999999998    ,47->27
    17 ,    29 ,  0.1006 ,  0.019  ,0.08159999999999999    ,17->29
    14 ,    40 ,  0.0449 ,  0.1264 ,0.08150000000000002    ,40->14
    10 ,    40 ,  0.0424 ,  0.1238 ,0.0814                 ,40->10
     6 ,    45 ,  0.0784 ,  0.1596 ,0.0812                 ,45->6
    36 ,    45 ,  0.052  ,  0.1331 ,0.0811                 ,45->36
    36 ,    40 ,  0.0551 ,  0.1358 ,0.0807                 ,40->36
    25 ,    43 ,  0.0438 ,  0.1243 ,0.08049999999999999    ,43->25
    24 ,    36 ,  0.0997 ,  0.0193 ,0.0804                 ,24->36
     2 ,    21 ,  0.0237 ,  0.104  ,0.0803                 ,21->2
     5 ,    23 ,  0.0234 ,  0.1037 ,0.0803                 ,23->5
    29 ,    32 ,  0.059  ,  0.1387 ,0.0797                 ,32->29
    39 ,    45 ,  0.0699 ,  0.1495 ,0.07959999999999999    ,45->39
    12 ,    24 ,  0.0228 ,  0.1023 ,0.0795                 ,24->12
     3 ,    36 ,  0.1519 ,  0.0726 ,0.07930000000000001    ,3->36
     7 ,    24 ,  0.0208 ,  0.1001 ,0.0793                 ,24->7
    14 ,    25 ,  0.1359 ,  0.2148 ,0.0789                 ,25->14
    12 ,    13 ,  0.8081 ,  0.7293 ,0.07880000000000009    ,12->13
    22 ,    25 ,  0.0942 ,  0.0157 ,0.07850000000000001    ,22->25
    39 ,    40 ,  0.0615 ,  0.1395 ,0.07800000000000001    ,40->39
    14 ,    20 ,  0.0191 ,  0.0968 ,0.07769999999999999    ,20->14
     5 ,    43 ,  0.0238 ,  0.1013 ,0.0775                 ,43->5
    16 ,    26 ,  0.0943 ,  0.0168 ,0.0775                 ,16->26
    17 ,    26 ,  0.0914 ,  0.0143 ,0.0771                 ,17->26
    36 ,    46 ,  0.0569 ,  0.134  ,0.0771                 ,46->36
     5 ,    27 ,  0.0789 ,  0.1558 ,0.0769                 ,27->5
    39 ,    41 ,  0.0553 ,  0.1321 ,0.0768                 ,41->39
    22 ,    27 ,  0.1071 ,  0.0308 ,0.0763                 ,22->27
     8 ,    12 ,  0.4331 ,  0.5094 ,0.07629999999999998    ,12->8
    12 ,    41 ,  0.0322 ,  0.1083 ,0.0761                 ,41->12
    23 ,    35 ,  0.0932 ,  0.0171 ,0.0761                 ,23->35
    18 ,    19 ,  0.1897 ,  0.1141 ,0.07560000000000001    ,18->19
     8 ,    18 ,  0.0499 ,  0.1247 ,0.0748                 ,18->8
     4 ,    23 ,  0.0263 ,  0.1004 ,0.0741                 ,23->4
    12 ,    37 ,  0.0548 ,  0.1282 ,0.0734                 ,37->12
    40 ,    42 ,  0.0598 ,  0.133  ,0.07320000000000002    ,42->40
     4 ,    17 ,  0.0138 ,  0.0868 ,0.07300000000000001    ,17->4
    28 ,    42 ,  0.0503 ,  0.123  ,0.0727                 ,42->28
    26 ,    43 ,  0.0495 ,  0.122  ,0.0725                 ,43->26
    29 ,    48 ,  0.0717 ,  0.1442 ,0.0725                 ,48->29
    13 ,    41 ,  0.0444 ,  0.1168 ,0.07239999999999999    ,41->13
     0 ,    39 ,  0.1776 ,  0.1055 ,0.07210000000000001    ,0->39
     4 ,    27 ,  0.0729 ,  0.1443 ,0.0714                 ,27->4
     1 ,     5 ,  0.1588 ,  0.0875 ,0.0713                 ,1->5
    24 ,    39 ,  0.0941 ,  0.0228 ,0.0713                 ,24->39
    30 ,    38 ,  0.1346 ,  0.0636 ,0.071                  ,30->38
     2 ,     7 ,  0.401  ,  0.3301 ,0.07090000000000002    ,2->7
    16 ,    17 ,  0.099  ,  0.1697 ,0.07069999999999999    ,17->16
     5 ,    36 ,  0.1933 ,  0.1228 ,0.0705                 ,5->36
    12 ,    21 ,  0.019  ,  0.0895 ,0.0705                 ,21->12
    22 ,    38 ,  0.0877 ,  0.0173 ,0.0704                 ,22->38
     6 ,    44 ,  0.0307 ,  0.1011 ,0.07039999999999999    ,44->6
     0 ,     4 ,  0.4425 ,  0.3725 ,0.07                   ,0->4
     5 ,    24 ,  0.0234 ,  0.0934 ,0.06999999999999999    ,24->5
    10 ,    31 ,  0.0591 ,  0.1291 ,0.06999999999999999    ,31->10
     6 ,    32 ,  0.0536 ,  0.1234 ,0.0698                 ,32->6
    28 ,    48 ,  0.0894 ,  0.159  ,0.06960000000000001    ,48->28
    18 ,    26 ,  0.0878 ,  0.0183 ,0.0695                 ,18->26
     0 ,    47 ,  0.0377 ,  0.1068 ,0.06910000000000001    ,47->0
    20 ,    35 ,  0.0904 ,  0.0213 ,0.0691                 ,20->35
    25 ,    48 ,  0.056  ,  0.1248 ,0.0688                 ,48->25
     9 ,    13 ,  0.3585 ,  0.4272 ,0.06870000000000004    ,13->9
     3 ,    47 ,  0.0525 ,  0.1207 ,0.06820000000000001    ,47->3
    18 ,    22 ,  0.0243 ,  0.0925 ,0.0682                 ,22->18
    22 ,    26 ,  0.0879 ,  0.0199 ,0.068                  ,22->26
    19 ,    39 ,  0.0858 ,  0.0179 ,0.0679                 ,19->39
     0 ,    23 ,  0.0251 ,  0.0928 ,0.0677                 ,23->0
     3 ,    27 ,  0.0994 ,  0.167  ,0.06760000000000001    ,27->3
     0 ,     1 ,  0.3579 ,  0.4253 ,0.06740000000000002    ,1->0
     1 ,    12 ,  0.1845 ,  0.1172 ,0.0673                 ,1->12
     6 ,    48 ,  0.0567 ,  0.1237 ,0.067                  ,48->6
    11 ,    40 ,  0.0357 ,  0.1026 ,0.06689999999999999    ,40->11
    19 ,    36 ,  0.0872 ,  0.0204 ,0.0668                 ,19->36
     0 ,    43 ,  0.0265 ,  0.0932 ,0.06670000000000001    ,43->0
    28 ,    47 ,  0.1071 ,  0.1737 ,0.06659999999999999    ,47->28
    12 ,    44 ,  0.0375 ,  0.1038 ,0.0663                 ,44->12
    25 ,    29 ,  0.2462 ,  0.3124 ,0.06620000000000001    ,29->25
     0 ,    36 ,  0.157  ,  0.091  ,0.066                  ,0->36
    23 ,    39 ,  0.084  ,  0.018  ,0.066                  ,23->39
     9 ,    47 ,  0.0465 ,  0.112  ,0.0655                 ,47->9
    13 ,    26 ,  0.0993 ,  0.1648 ,0.0655                 ,26->13
     5 ,    44 ,  0.0267 ,  0.092  ,0.0653                 ,44->5
    26 ,    48 ,  0.0612 ,  0.1265 ,0.0653                 ,48->26
     0 ,    17 ,  0.0111 ,  0.0763 ,0.06520000000000001    ,17->0
     1 ,    27 ,  0.1358 ,  0.201  ,0.06520000000000001    ,27->1
     6 ,    27 ,  0.0737 ,  0.1386 ,0.0649                 ,27->6
    13 ,    20 ,  0.0208 ,  0.0857 ,0.0649                 ,20->13
     7 ,    38 ,  0.1284 ,  0.0635 ,0.06489999999999999    ,7->38
     8 ,    42 ,  0.0213 ,  0.0859 ,0.0646                 ,42->8
    15 ,    25 ,  0.0799 ,  0.0154 ,0.0645                 ,15->25
     5 ,    32 ,  0.0495 ,  0.1139 ,0.0644                 ,32->5
     0 ,    27 ,  0.059  ,  0.1224 ,0.0634                 ,27->0
    27 ,    42 ,  0.0712 ,  0.1346 ,0.0634                 ,42->27
    27 ,    32 ,  0.1588 ,  0.2221 ,0.0633                 ,32->27
    15 ,    28 ,  0.0853 ,  0.0221 ,0.0632                 ,15->28
     7 ,    47 ,  0.0775 ,  0.1407 ,0.06319999999999999    ,47->7
     5 ,    19 ,  0.0311 ,  0.0942 ,0.0631                 ,19->5
    17 ,    49 ,  0.0782 ,  0.0154 ,0.06280000000000001    ,17->49
    17 ,    22 ,  0.0371 ,  0.0995 ,0.062400000000000004   ,22->17
    16 ,    45 ,  0.0797 ,  0.0176 ,0.06209999999999999    ,16->45
    16 ,    22 ,  0.0295 ,  0.0915 ,0.062                  ,22->16
     8 ,    23 ,  0.0257 ,  0.0875 ,0.061799999999999994   ,23->8
     9 ,    42 ,  0.0147 ,  0.0764 ,0.0617                 ,42->9
    10 ,    21 ,  0.0206 ,  0.0823 ,0.0617                 ,21->10
    27 ,    37 ,  0.2708 ,  0.2092 ,0.06159999999999999    ,27->37
    29 ,    47 ,  0.0878 ,  0.1493 ,0.061499999999999985   ,47->29
    10 ,    30 ,  0.0609 ,  0.1223 ,0.0614                 ,30->10
    22 ,    29 ,  0.0818 ,  0.0204 ,0.061399999999999996   ,22->29
    20 ,    36 ,  0.0817 ,  0.0205 ,0.06119999999999999    ,20->36
     7 ,    21 ,  0.0192 ,  0.0803 ,0.0611                 ,21->7
     1 ,    17 ,  0.0159 ,  0.0769 ,0.061                  ,17->1
    20 ,    39 ,  0.0828 ,  0.0218 ,0.061                  ,20->39
    18 ,    38 ,  0.0769 ,  0.016  ,0.060899999999999996   ,18->38
     6 ,    24 ,  0.0213 ,  0.0821 ,0.06080000000000001    ,24->6
     5 ,    20 ,  0.0219 ,  0.0826 ,0.060700000000000004   ,20->5
    25 ,    31 ,  0.0307 ,  0.0914 ,0.06069999999999999    ,31->25
     4 ,    21 ,  0.0187 ,  0.0793 ,0.060599999999999994   ,21->4
     4 ,    16 ,  0.0171 ,  0.0776 ,0.0605                 ,16->4
    46 ,    49 ,  0.15   ,  0.0897 ,0.06029999999999999    ,46->49
    15 ,    38 ,  0.0867 ,  0.0266 ,0.0601                 ,15->38
    10 ,    11 ,  0.8054 ,  0.8654 ,0.05999999999999994    ,11->10
     5 ,    33 ,  0.0488 ,  0.1086 ,0.0598                 ,33->5
     4 ,    20 ,  0.0161 ,  0.0757 ,0.0596                 ,20->4
    28 ,    32 ,  0.0724 ,  0.1319 ,0.05949999999999998    ,32->28
     2 ,    28 ,  0.1666 ,  0.1072 ,0.059399999999999994   ,2->28
     0 ,    49 ,  0.0525 ,  0.1117 ,0.059199999999999996   ,49->0
     0 ,     6 ,  0.1385 ,  0.0796 ,0.05890000000000001    ,0->6
     8 ,    47 ,  0.0701 ,  0.129  ,0.05890000000000001    ,47->8
    14 ,    30 ,  0.0596 ,  0.1185 ,0.058899999999999994   ,30->14
     1 ,    25 ,  0.0971 ,  0.0384 ,0.05870000000000001    ,1->25
     7 ,    42 ,  0.026  ,  0.0847 ,0.0587                 ,42->7
    13 ,    40 ,  0.0403 ,  0.099  ,0.0587                 ,40->13
     1 ,    23 ,  0.0363 ,  0.0948 ,0.058499999999999996   ,23->1
    18 ,    29 ,  0.077  ,  0.0187 ,0.0583                 ,18->29
    22 ,    49 ,  0.0715 ,  0.0136 ,0.05789999999999999    ,22->49
     5 ,    21 ,  0.0174 ,  0.0751 ,0.0577                 ,21->5
    21 ,    35 ,  0.0791 ,  0.0214 ,0.0577                 ,21->35
     8 ,    48 ,  0.074  ,  0.1315 ,0.05750000000000001    ,48->8
    21 ,    25 ,  0.0704 ,  0.0131 ,0.057300000000000004   ,21->25
    22 ,    37 ,  0.0811 ,  0.0238 ,0.057300000000000004   ,22->37
     5 ,    41 ,  0.031  ,  0.0882 ,0.0572                 ,41->5
    43 ,    44 ,  0.1911 ,  0.1339 ,0.0572                 ,43->44
    25 ,    33 ,  0.0694 ,  0.1266 ,0.05719999999999999    ,33->25
    18 ,    28 ,  0.073  ,  0.0159 ,0.0571                 ,18->28
    12 ,    34 ,  0.0759 ,  0.1329 ,0.056999999999999995   ,34->12
     3 ,    18 ,  0.0199 ,  0.0768 ,0.05689999999999999    ,18->3
    12 ,    33 ,  0.0496 ,  0.1063 ,0.05670000000000001    ,33->12
     3 ,    15 ,  0.029  ,  0.0857 ,0.0567                 ,15->3
    27 ,    48 ,  0.1131 ,  0.1697 ,0.056599999999999984   ,48->27
    14 ,    31 ,  0.0678 ,  0.1243 ,0.056499999999999995   ,31->14
     7 ,    19 ,  0.045  ,  0.1014 ,0.056400000000000006   ,19->7
    13 ,    46 ,  0.1158 ,  0.172  ,0.056199999999999986   ,46->13
     4 ,    47 ,  0.0573 ,  0.1134 ,0.056100000000000004   ,47->4
     4 ,    24 ,  0.0181 ,  0.0742 ,0.0561                 ,24->4
    11 ,    30 ,  0.0474 ,  0.1035 ,0.0561                 ,30->11
    15 ,    29 ,  0.0717 ,  0.0161 ,0.0556                 ,15->29
     6 ,    36 ,  0.1699 ,  0.1144 ,0.055499999999999994   ,6->36
    22 ,    48 ,  0.0761 ,  0.0207 ,0.055400000000000005   ,22->48
     2 ,    27 ,  0.2218 ,  0.2771 ,0.055300000000000016   ,27->2
    16 ,    25 ,  0.0709 ,  0.0157 ,0.055200000000000006   ,16->25
     2 ,    17 ,  0.0294 ,  0.0846 ,0.0552                 ,17->2
    22 ,    45 ,  0.0669 ,  0.012  ,0.054900000000000004   ,22->45
    17 ,    27 ,  0.0721 ,  0.0172 ,0.0549                 ,17->27
    17 ,    48 ,  0.0721 ,  0.0172 ,0.0549                 ,17->48
    16 ,    27 ,  0.076  ,  0.0212 ,0.0548                 ,16->27
    11 ,    20 ,  0.0167 ,  0.0714 ,0.054700000000000006   ,20->11
    30 ,    34 ,  0.1512 ,  0.2053 ,0.05410000000000001    ,34->30
    11 ,    31 ,  0.0482 ,  0.1019 ,0.053700000000000005   ,31->11
     1 ,     9 ,  0.1349 ,  0.0812 ,0.0537                 ,1->9
     0 ,    48 ,  0.0438 ,  0.0973 ,0.0535                 ,48->0
     6 ,    21 ,  0.0186 ,  0.0716 ,0.053                  ,21->6
    10 ,    20 ,  0.0186 ,  0.0713 ,0.052700000000000004   ,20->10
     5 ,    49 ,  0.0741 ,  0.1268 ,0.0527                 ,49->5
    23 ,    36 ,  0.0687 ,  0.016  ,0.0527                 ,23->36
    12 ,    26 ,  0.0881 ,  0.1407 ,0.052599999999999994   ,26->12
    13 ,    49 ,  0.1202 ,  0.1727 ,0.05249999999999999    ,49->13
     9 ,    39 ,  0.1438 ,  0.0914 ,0.052400000000000016   ,9->39
     4 ,    15 ,  0.026  ,  0.0781 ,0.05210000000000001    ,15->4
    16 ,    29 ,  0.0721 ,  0.02   ,0.052099999999999994   ,16->29
     5 ,    34 ,  0.0645 ,  0.1165 ,0.052000000000000005   ,34->5
     4 ,    38 ,  0.144  ,  0.092  ,0.05199999999999999    ,4->38
     5 ,    40 ,  0.0286 ,  0.0804 ,0.0518                 ,40->5
    12 ,    48 ,  0.0846 ,  0.1363 ,0.05170000000000001    ,48->12
    26 ,    38 ,  0.2193 ,  0.1677 ,0.05160000000000001    ,26->38
    30 ,    37 ,  0.125  ,  0.0734 ,0.05159999999999999    ,30->37
     7 ,    44 ,  0.0359 ,  0.0873 ,0.0514                 ,44->7
    30 ,    31 ,  0.1768 ,  0.1255 ,0.05130000000000001    ,30->31
    15 ,    37 ,  0.0788 ,  0.0276 ,0.051199999999999996   ,15->37
     6 ,    34 ,  0.0608 ,  0.1117 ,0.050899999999999994   ,34->6
     3 ,    23 ,  0.0253 ,  0.0761 ,0.0508                 ,23->3
     8 ,    21 ,  0.0167 ,  0.0671 ,0.05040000000000001    ,21->8
     7 ,    16 ,  0.0433 ,  0.0936 ,0.050300000000000004   ,16->7
     1 ,    32 ,  0.0863 ,  0.1365 ,0.05020000000000001    ,32->1
    21 ,    33 ,  0.0695 ,  0.0193 ,0.05020000000000001    ,21->33
     8 ,     9 ,  0.4439 ,  0.3938 ,0.05010000000000003    ,8->9
    17 ,    19 ,  0.1212 ,  0.0712 ,0.05                   ,17->19
     9 ,    43 ,  0.0195 ,  0.0693 ,0.0498                 ,43->9
     0 ,    45 ,  0.0598 ,  0.1093 ,0.049499999999999995   ,45->0
     3 ,    13 ,  0.2564 ,  0.2071 ,0.04930000000000001    ,3->13
    14 ,    36 ,  0.3974 ,  0.4466 ,0.04920000000000002    ,36->14
     3 ,    24 ,  0.016  ,  0.0646 ,0.048600000000000004   ,24->3
    45 ,    46 ,  0.1868 ,  0.1382 ,0.048600000000000004   ,45->46
     7 ,    43 ,  0.0265 ,  0.075  ,0.0485                 ,43->7
     8 ,    43 ,  0.0215 ,  0.0699 ,0.048400000000000006   ,43->8
    18 ,    49 ,  0.0616 ,  0.0132 ,0.0484                 ,18->49
    26 ,    41 ,  0.0498 ,  0.098  ,0.04820000000000001    ,41->26
    21 ,    36 ,  0.0669 ,  0.0189 ,0.048                  ,21->36
     2 ,    25 ,  0.0982 ,  0.0504 ,0.047799999999999995   ,2->25
     9 ,    32 ,  0.0397 ,  0.0875 ,0.047799999999999995   ,32->9
     2 ,    47 ,  0.0893 ,  0.137  ,0.047700000000000006   ,47->2
    41 ,    42 ,  0.0999 ,  0.1476 ,0.047700000000000006   ,42->41
    15 ,    27 ,  0.0768 ,  0.0291 ,0.04769999999999999    ,15->27
     6 ,    49 ,  0.0626 ,  0.1102 ,0.0476                 ,49->6
    15 ,    46 ,  0.0774 ,  0.0298 ,0.047599999999999996   ,15->46
     9 ,    23 ,  0.0235 ,  0.071  ,0.047499999999999994   ,23->9
     3 ,    19 ,  0.0211 ,  0.0685 ,0.047400000000000005   ,19->3
     6 ,    33 ,  0.0504 ,  0.0977 ,0.047299999999999995   ,33->6
     6 ,    37 ,  0.0447 ,  0.0918 ,0.04710000000000001    ,37->6
    17 ,    37 ,  0.0627 ,  0.0156 ,0.0471                 ,17->37
    28 ,    45 ,  0.0325 ,  0.0796 ,0.0471                 ,45->28
     1 ,     6 ,  0.1405 ,  0.0937 ,0.04680000000000001    ,1->6
     6 ,    41 ,  0.0296 ,  0.0761 ,0.0465                 ,41->6
     8 ,    24 ,  0.0213 ,  0.0675 ,0.046200000000000005   ,24->8
     7 ,    32 ,  0.0878 ,  0.1337 ,0.04590000000000001    ,32->7
     9 ,    36 ,  0.1404 ,  0.0945 ,0.045899999999999996   ,9->36
    19 ,    25 ,  0.0635 ,  0.0176 ,0.045899999999999996   ,19->25
    19 ,    26 ,  0.0653 ,  0.0202 ,0.0451                 ,19->26
     0 ,    16 ,  0.0155 ,  0.0604 ,0.0449                 ,16->0
    23 ,    28 ,  0.0646 ,  0.0199 ,0.044700000000000004   ,23->28
    26 ,    31 ,  0.0388 ,  0.0833 ,0.0445                 ,31->26
    15 ,    22 ,  0.0279 ,  0.0722 ,0.0443                 ,22->15
     3 ,    21 ,  0.0157 ,  0.0599 ,0.0442                 ,21->3
     6 ,    29 ,  0.0936 ,  0.1378 ,0.0442                 ,29->6
    19 ,    38 ,  0.0643 ,  0.0201 ,0.044199999999999996   ,19->38
    26 ,    40 ,  0.0476 ,  0.0917 ,0.0441                 ,40->26
     7 ,    20 ,  0.0185 ,  0.0621 ,0.0436                 ,20->7
     9 ,    48 ,  0.0503 ,  0.0939 ,0.0436                 ,48->9
     4 ,    48 ,  0.0473 ,  0.0903 ,0.043000000000000003   ,48->4
     8 ,    49 ,  0.0607 ,  0.1037 ,0.043000000000000003   ,49->8
    20 ,    27 ,  0.0628 ,  0.0199 ,0.042899999999999994   ,20->27
    16 ,    47 ,  0.065  ,  0.0223 ,0.0427                 ,16->47
     9 ,    27 ,  0.0713 ,  0.1138 ,0.042499999999999996   ,27->9
     5 ,    29 ,  0.11   ,  0.1523 ,0.04229999999999999    ,29->5
    41 ,    43 ,  0.0724 ,  0.1145 ,0.0421                 ,43->41
     9 ,    21 ,  0.0134 ,  0.0554 ,0.041999999999999996   ,21->9
    17 ,    47 ,  0.0624 ,  0.0204 ,0.041999999999999996   ,17->47
     7 ,    41 ,  0.0319 ,  0.0737 ,0.041800000000000004   ,41->7
    19 ,    28 ,  0.0635 ,  0.0217 ,0.041800000000000004   ,19->28
     3 ,    20 ,  0.0154 ,  0.0571 ,0.0417                 ,20->3
     2 ,    16 ,  0.028  ,  0.0696 ,0.0416                 ,16->2
    16 ,    28 ,  0.0628 ,  0.0212 ,0.0416                 ,16->28
     7 ,    15 ,  0.0467 ,  0.0882 ,0.0415                 ,15->7
    38 ,    45 ,  0.0531 ,  0.0946 ,0.0415                 ,45->38
     9 ,    44 ,  0.0253 ,  0.0668 ,0.041499999999999995   ,44->9
    20 ,    38 ,  0.0633 ,  0.0218 ,0.041499999999999995   ,20->38
    38 ,    46 ,  0.0528 ,  0.0943 ,0.041499999999999995   ,46->38
     1 ,    47 ,  0.0782 ,  0.1194 ,0.0412                 ,47->1
    23 ,    38 ,  0.0593 ,  0.0181 ,0.0412                 ,23->38
    24 ,    37 ,  0.0623 ,  0.0215 ,0.0408                 ,24->37
    20 ,    26 ,  0.0554 ,  0.0146 ,0.040799999999999996   ,20->26
    32 ,    33 ,  0.2626 ,  0.222  ,0.0406                 ,32->33
     0 ,     5 ,  0.1324 ,  0.0919 ,0.040499999999999994   ,0->5
     5 ,    37 ,  0.0581 ,  0.0986 ,0.040499999999999994   ,37->5
     9 ,    16 ,  0.0369 ,  0.0774 ,0.040499999999999994   ,16->9
     6 ,    20 ,  0.0198 ,  0.0602 ,0.04039999999999999    ,20->6
     3 ,     4 ,  0.1813 ,  0.2215 ,0.040200000000000014   ,4->3
     9 ,    29 ,  0.0747 ,  0.1149 ,0.0402                 ,29->9
     1 ,    29 ,  0.0963 ,  0.0563 ,0.039999999999999994   ,1->29
    19 ,    29 ,  0.0639 ,  0.0239 ,0.039999999999999994   ,19->29
     9 ,    45 ,  0.0609 ,  0.1008 ,0.0399                 ,45->9
    23 ,    27 ,  0.0733 ,  0.0336 ,0.039700000000000006   ,23->27
    28 ,    33 ,  0.0773 ,  0.1169 ,0.03960000000000001    ,33->28
     1 ,     7 ,  0.1984 ,  0.2379 ,0.03950000000000001    ,7->1
    12 ,    40 ,  0.0347 ,  0.0742 ,0.0395                 ,40->12
    24 ,    38 ,  0.0587 ,  0.0193 ,0.039400000000000004   ,24->38
     3 ,    38 ,  0.1015 ,  0.0622 ,0.03930000000000001    ,3->38
    22 ,    32 ,  0.0635 ,  0.0242 ,0.0393                 ,22->32
    16 ,    46 ,  0.0614 ,  0.0223 ,0.0391                 ,16->46
    26 ,    44 ,  0.0418 ,  0.0809 ,0.0391                 ,44->26
     0 ,    30 ,  0.0302 ,  0.0692 ,0.03899999999999999    ,30->0
    22 ,    33 ,  0.0616 ,  0.0229 ,0.0387                 ,22->33
    24 ,    27 ,  0.0649 ,  0.0262 ,0.0387                 ,24->27
     1 ,     8 ,  0.1342 ,  0.0956 ,0.03860000000000001    ,1->8
    32 ,    34 ,  0.1649 ,  0.1264 ,0.03849999999999998    ,32->34
     4 ,    49 ,  0.0514 ,  0.0897 ,0.0383                 ,49->4
    22 ,    47 ,  0.0638 ,  0.0256 ,0.0382                 ,22->47
     9 ,    24 ,  0.0201 ,  0.0581 ,0.038                  ,24->9
    15 ,    17 ,  0.0502 ,  0.0882 ,0.038                  ,17->15
     8 ,    16 ,  0.0348 ,  0.0727 ,0.0379                 ,16->8
     4 ,    42 ,  0.0306 ,  0.0684 ,0.0378                 ,42->4
     5 ,     9 ,  0.4308 ,  0.4684 ,0.03759999999999997    ,9->5
     0 ,    44 ,  0.0292 ,  0.0666 ,0.0374                 ,44->0
     2 ,    29 ,  0.1165 ,  0.0792 ,0.0373                 ,2->29
    29 ,    38 ,  0.1614 ,  0.1241 ,0.037299999999999986   ,29->38
     4 ,    43 ,  0.0285 ,  0.0655 ,0.037000000000000005   ,43->4
     0 ,    37 ,  0.0534 ,  0.0903 ,0.0369                 ,37->0
     0 ,    42 ,  0.0234 ,  0.0603 ,0.0369                 ,42->0
    23 ,    29 ,  0.0572 ,  0.0203 ,0.0369                 ,23->29
     7 ,    25 ,  0.084  ,  0.0472 ,0.036800000000000006   ,7->25
    18 ,    27 ,  0.0572 ,  0.0207 ,0.036500000000000005   ,18->27
    19 ,    22 ,  0.0212 ,  0.0576 ,0.0364                 ,22->19
    21 ,    29 ,  0.0539 ,  0.0178 ,0.03610000000000001    ,21->29
    21 ,    39 ,  0.057  ,  0.0209 ,0.03610000000000001    ,21->39
    16 ,    48 ,  0.0579 ,  0.022  ,0.0359                 ,16->48
     4 ,    13 ,  0.1919 ,  0.156  ,0.03589999999999999    ,4->13
    27 ,    33 ,  0.1148 ,  0.1506 ,0.03580000000000001    ,33->27
     2 ,    37 ,  0.1256 ,  0.0898 ,0.035799999999999985   ,2->37
     1 ,    42 ,  0.0498 ,  0.0854 ,0.03560000000000001    ,42->1
    15 ,    45 ,  0.0592 ,  0.0237 ,0.035500000000000004   ,15->45
     5 ,    46 ,  0.0712 ,  0.1065 ,0.0353                 ,46->5
    15 ,    32 ,  0.0565 ,  0.0213 ,0.0352                 ,15->32
    33 ,    40 ,  0.0597 ,  0.0249 ,0.034800000000000005   ,33->40
    12 ,    20 ,  0.0187 ,  0.0535 ,0.0348                 ,20->12
    20 ,    37 ,  0.0592 ,  0.0245 ,0.0347                 ,20->37
     7 ,    28 ,  0.1346 ,  0.0999 ,0.034699999999999995   ,7->28
    22 ,    34 ,  0.054  ,  0.0195 ,0.0345                 ,22->34
    24 ,    26 ,  0.0623 ,  0.028  ,0.0343                 ,24->26
     0 ,    34 ,  0.0465 ,  0.0807 ,0.034199999999999994   ,34->0
     1 ,    18 ,  0.0217 ,  0.0558 ,0.034100000000000005   ,18->1
    16 ,    37 ,  0.0582 ,  0.0242 ,0.034                  ,16->37
    16 ,    38 ,  0.0576 ,  0.0236 ,0.034                  ,16->38
    24 ,    32 ,  0.0524 ,  0.0184 ,0.034                  ,24->32
     8 ,    13 ,  0.3774 ,  0.4114 ,0.033999999999999975   ,13->8
    42 ,    48 ,  0.103  ,  0.0691 ,0.0339                 ,42->48
    31 ,    32 ,  0.217  ,  0.1832 ,0.0338                 ,31->32
    25 ,    26 ,  0.172  ,  0.2056 ,0.03360000000000002    ,26->25
    23 ,    26 ,  0.0546 ,  0.0211 ,0.0335                 ,23->26
    26 ,    34 ,  0.0476 ,  0.0811 ,0.0335                 ,34->26
     8 ,    32 ,  0.0558 ,  0.0891 ,0.033299999999999996   ,32->8
    45 ,    49 ,  0.165  ,  0.1317 ,0.033299999999999996   ,45->49
     4 ,    18 ,  0.0145 ,  0.0477 ,0.0332                 ,18->4
    16 ,    24 ,  0.0148 ,  0.048  ,0.0332                 ,24->16
    40 ,    48 ,  0.0314 ,  0.0645 ,0.033100000000000004   ,48->40
    24 ,    28 ,  0.0475 ,  0.0146 ,0.0329                 ,24->28
    21 ,    27 ,  0.0536 ,  0.0208 ,0.0328                 ,21->27
    20 ,    25 ,  0.0448 ,  0.012  ,0.032799999999999996   ,20->25
    31 ,    33 ,  0.1471 ,  0.1145 ,0.032600000000000004   ,31->33
    18 ,    31 ,  0.0439 ,  0.0114 ,0.0325                 ,18->31
    28 ,    43 ,  0.0576 ,  0.0901 ,0.0325                 ,43->28
    22 ,    46 ,  0.0462 ,  0.0138 ,0.0324                 ,22->46
     9 ,    15 ,  0.0339 ,  0.0661 ,0.032200000000000006   ,15->9
     8 ,    19 ,  0.0495 ,  0.0817 ,0.03219999999999999    ,19->8
     1 ,    16 ,  0.0259 ,  0.058  ,0.032100000000000004   ,16->1
    18 ,    37 ,  0.0505 ,  0.0184 ,0.032100000000000004   ,18->37
    33 ,    41 ,  0.0636 ,  0.0315 ,0.032100000000000004   ,33->41
    42 ,    44 ,  0.1504 ,  0.1184 ,0.032                  ,42->44
    25 ,    45 ,  0.0316 ,  0.0635 ,0.0319                 ,45->25
     9 ,    41 ,  0.0253 ,  0.057  ,0.031700000000000006   ,41->9
    23 ,    37 ,  0.0541 ,  0.0224 ,0.031700000000000006   ,23->37
     3 ,     5 ,  0.1425 ,  0.1108 ,0.03169999999999999    ,3->5
     0 ,     9 ,  0.0976 ,  0.066  ,0.0316                 ,0->9
    15 ,    47 ,  0.0734 ,  0.0422 ,0.031200000000000006   ,15->47
     4 ,     5 ,  0.122  ,  0.091  ,0.031                  ,4->5
     4 ,    30 ,  0.0363 ,  0.0673 ,0.031                  ,30->4
    31 ,    34 ,  0.1116 ,  0.1426 ,0.031                  ,34->31
     3 ,    26 ,  0.0477 ,  0.0785 ,0.0308                 ,26->3
    34 ,    45 ,  0.0597 ,  0.0291 ,0.030600000000000002   ,34->45
     6 ,    26 ,  0.0584 ,  0.0889 ,0.030500000000000006   ,26->6
    25 ,    44 ,  0.0403 ,  0.0706 ,0.030299999999999994   ,44->25
    29 ,    33 ,  0.0692 ,  0.0993 ,0.030100000000000002   ,33->29
    24 ,    25 ,  0.0494 ,  0.0194 ,0.03                   ,24->25
     6 ,    40 ,  0.0321 ,  0.062  ,0.029900000000000003   ,40->6
     9 ,    46 ,  0.0767 ,  0.0471 ,0.0296                 ,9->46
    15 ,    20 ,  0.0134 ,  0.0427 ,0.0293                 ,20->15
    21 ,    38 ,  0.051  ,  0.0218 ,0.029199999999999997   ,21->38
    40 ,    43 ,  0.0516 ,  0.0808 ,0.029199999999999997   ,43->40
     0 ,    33 ,  0.0506 ,  0.0797 ,0.029099999999999994   ,33->0
    20 ,    28 ,  0.0442 ,  0.0154 ,0.028800000000000003   ,20->28
    16 ,    49 ,  0.0504 ,  0.0218 ,0.0286                 ,16->49
     3 ,    42 ,  0.0293 ,  0.0578 ,0.028499999999999998   ,42->3
    22 ,    23 ,  0.0678 ,  0.0393 ,0.028499999999999998   ,22->23
     8 ,    15 ,  0.0427 ,  0.0711 ,0.028399999999999995   ,15->8
     8 ,    44 ,  0.0343 ,  0.0626 ,0.028300000000000006   ,44->8
     2 ,    19 ,  0.0305 ,  0.0588 ,0.0283                 ,19->2
    29 ,    43 ,  0.0456 ,  0.0738 ,0.028200000000000003   ,43->29
    23 ,    47 ,  0.0535 ,  0.0253 ,0.0282                 ,23->47
     0 ,     8 ,  0.0894 ,  0.0612 ,0.028199999999999996   ,0->8
    21 ,    28 ,  0.0423 ,  0.0141 ,0.028199999999999996   ,21->28
     2 ,    18 ,  0.0319 ,  0.06   ,0.0281                 ,18->2
     2 ,    26 ,  0.1047 ,  0.0766 ,0.0281                 ,2->26
    15 ,    33 ,  0.0468 ,  0.0187 ,0.0281                 ,15->33
    12 ,    29 ,  0.1341 ,  0.1621 ,0.027999999999999997   ,29->12
     9 ,    20 ,  0.0146 ,  0.0425 ,0.0279                 ,20->9
     1 ,    48 ,  0.0713 ,  0.0992 ,0.027899999999999994   ,48->1
     4 ,     8 ,  0.0744 ,  0.1022 ,0.027800000000000005   ,8->4
    24 ,    49 ,  0.0436 ,  0.0158 ,0.0278                 ,24->49
     8 ,    31 ,  0.0689 ,  0.0412 ,0.027700000000000002   ,8->31
     4 ,    19 ,  0.0168 ,  0.0444 ,0.027600000000000003   ,19->4
     1 ,    15 ,  0.0353 ,  0.0628 ,0.027499999999999997   ,15->1
     8 ,    46 ,  0.0958 ,  0.0683 ,0.027499999999999997   ,8->46
     9 ,    26 ,  0.0456 ,  0.073  ,0.027399999999999994   ,26->9
    24 ,    34 ,  0.0462 ,  0.0189 ,0.027299999999999998   ,24->34
    21 ,    26 ,  0.046  ,  0.0189 ,0.0271                 ,21->26
     9 ,    19 ,  0.0362 ,  0.0633 ,0.027099999999999992   ,19->9
    12 ,    46 ,  0.1274 ,  0.1006 ,0.026800000000000018   ,12->46
    30 ,    49 ,  0.0233 ,  0.0501 ,0.026799999999999997   ,49->30
    21 ,    30 ,  0.0378 ,  0.0111 ,0.0267                 ,21->30
    42 ,    46 ,  0.0521 ,  0.0255 ,0.026600000000000002   ,42->46
    23 ,    34 ,  0.0462 ,  0.0197 ,0.0265                 ,23->34
    29 ,    31 ,  0.0331 ,  0.0595 ,0.0264                 ,31->29
     8 ,    29 ,  0.1202 ,  0.0939 ,0.026300000000000004   ,8->29
    41 ,    47 ,  0.0634 ,  0.0897 ,0.026300000000000004   ,47->41
     5 ,    26 ,  0.0681 ,  0.0943 ,0.0262                 ,26->5
    25 ,    49 ,  0.0337 ,  0.0598 ,0.026099999999999998   ,49->25
     3 ,    45 ,  0.0329 ,  0.0588 ,0.0259                 ,45->3
    19 ,    27 ,  0.052  ,  0.0261 ,0.025899999999999996   ,19->27
    25 ,    28 ,  0.1425 ,  0.1683 ,0.025800000000000017   ,28->25
    43 ,    47 ,  0.087  ,  0.1128 ,0.025800000000000003   ,47->43
    21 ,    37 ,  0.0501 ,  0.0244 ,0.025699999999999997   ,21->37
    23 ,    25 ,  0.0431 ,  0.0175 ,0.025599999999999998   ,23->25
    24 ,    33 ,  0.0462 ,  0.0207 ,0.0255                 ,24->33
    13 ,    25 ,  0.148  ,  0.1225 ,0.025499999999999995   ,13->25
     8 ,    41 ,  0.0321 ,  0.0575 ,0.025400000000000006   ,41->8
     1 ,    19 ,  0.025  ,  0.0504 ,0.0254                 ,19->1
    15 ,    18 ,  0.0388 ,  0.0642 ,0.025399999999999992   ,18->15
     0 ,    32 ,  0.0499 ,  0.075  ,0.025099999999999997   ,32->0
     8 ,    27 ,  0.0818 ,  0.1068 ,0.02500000000000001    ,27->8
    23 ,    33 ,  0.0448 ,  0.0198 ,0.024999999999999998   ,23->33
    42 ,    47 ,  0.1674 ,  0.1424 ,0.024999999999999994   ,42->47
     0 ,    18 ,  0.0128 ,  0.0377 ,0.0249                 ,18->0
    13 ,    30 ,  0.0686 ,  0.0933 ,0.0247                 ,30->13
     2 ,    49 ,  0.0771 ,  0.0526 ,0.0245                 ,2->49
    12 ,    28 ,  0.1235 ,  0.148  ,0.024499999999999994   ,28->12
    17 ,    31 ,  0.0351 ,  0.0107 ,0.024399999999999998   ,17->31
    17 ,    32 ,  0.0469 ,  0.0225 ,0.024399999999999998   ,17->32
     1 ,    26 ,  0.0863 ,  0.062  ,0.024300000000000002   ,1->26
     6 ,    30 ,  0.0514 ,  0.0757 ,0.024300000000000002   ,30->6
    18 ,    30 ,  0.0345 ,  0.0102 ,0.024300000000000002   ,18->30
    40 ,    49 ,  0.0209 ,  0.0452 ,0.0243                 ,49->40
    16 ,    18 ,  0.0765 ,  0.1007 ,0.0242                 ,18->16
    34 ,    46 ,  0.047  ,  0.0228 ,0.0242                 ,34->46
     0 ,    15 ,  0.0245 ,  0.0485 ,0.024                  ,15->0
    18 ,    32 ,  0.0478 ,  0.0239 ,0.0239                 ,18->32
    21 ,    34 ,  0.0414 ,  0.0175 ,0.023899999999999998   ,21->34
    18 ,    24 ,  0.022  ,  0.0457 ,0.0237                 ,24->18
     5 ,     8 ,  0.2606 ,  0.2842 ,0.02360000000000001    ,8->5
     6 ,    46 ,  0.0783 ,  0.1019 ,0.02360000000000001    ,46->6
    18 ,    33 ,  0.0438 ,  0.0202 ,0.0236                 ,18->33
    38 ,    41 ,  0.066  ,  0.0896 ,0.023599999999999996   ,41->38
     7 ,    29 ,  0.1063 ,  0.0828 ,0.023500000000000007   ,7->29
    32 ,    47 ,  0.1044 ,  0.1279 ,0.023500000000000007   ,47->32
    18 ,    48 ,  0.0402 ,  0.0167 ,0.0235                 ,18->48
    24 ,    29 ,  0.0413 ,  0.0179 ,0.023400000000000004   ,24->29
    20 ,    41 ,  0.0378 ,  0.0144 ,0.0234                 ,20->41
     8 ,    30 ,  0.0673 ,  0.0439 ,0.023399999999999997   ,8->30
    19 ,    24 ,  0.0163 ,  0.0395 ,0.023200000000000002   ,24->19
    40 ,    47 ,  0.0449 ,  0.0681 ,0.02319999999999999    ,47->40
     4 ,    26 ,  0.0556 ,  0.0786 ,0.023000000000000007   ,26->4
    23 ,    49 ,  0.0456 ,  0.0226 ,0.023000000000000003   ,23->49
    26 ,    46 ,  0.0325 ,  0.0555 ,0.023                  ,46->26
    15 ,    48 ,  0.0582 ,  0.0353 ,0.022900000000000004   ,15->48
    20 ,    29 ,  0.0393 ,  0.0164 ,0.0229                 ,20->29
    23 ,    31 ,  0.0348 ,  0.0119 ,0.022899999999999997   ,23->31
    27 ,    45 ,  0.0453 ,  0.0682 ,0.022899999999999997   ,45->27
    17 ,    24 ,  0.0253 ,  0.0481 ,0.022799999999999997   ,24->17
     2 ,    33 ,  0.0983 ,  0.121  ,0.022699999999999998   ,33->2
     3 ,     9 ,  0.1242 ,  0.1016 ,0.02260000000000001    ,3->9
    16 ,    33 ,  0.0406 ,  0.018  ,0.0226                 ,16->33
    17 ,    33 ,  0.0375 ,  0.015  ,0.0225                 ,17->33
    30 ,    41 ,  0.0562 ,  0.0337 ,0.0225                 ,30->41
    20 ,    40 ,  0.0359 ,  0.0136 ,0.0223                 ,20->40
    15 ,    24 ,  0.0222 ,  0.0445 ,0.022299999999999997   ,24->15
     8 ,    20 ,  0.0178 ,  0.04   ,0.0222                 ,20->8
     8 ,    25 ,  0.1002 ,  0.078  ,0.022199999999999998   ,8->25
    15 ,    16 ,  0.1154 ,  0.1375 ,0.02210000000000001    ,16->15
     0 ,    19 ,  0.0143 ,  0.0364 ,0.0221                 ,19->0
    23 ,    32 ,  0.0411 ,  0.019  ,0.022099999999999998   ,23->32
    14 ,    39 ,  0.4601 ,  0.4381 ,0.02200000000000002    ,14->39
    19 ,    37 ,  0.0454 ,  0.0234 ,0.022000000000000002   ,19->37
    41 ,    49 ,  0.0254 ,  0.0474 ,0.022                  ,49->41
    23 ,    48 ,  0.0485 ,  0.0266 ,0.021900000000000003   ,23->48
     0 ,     7 ,  0.1194 ,  0.1412 ,0.021799999999999986   ,7->0
     3 ,     8 ,  0.1314 ,  0.1096 ,0.021799999999999986   ,3->8
     4 ,    32 ,  0.0697 ,  0.0912 ,0.021500000000000005   ,32->4
     2 ,    32 ,  0.1328 ,  0.1543 ,0.02149999999999999    ,32->2
     4 ,    12 ,  0.1079 ,  0.1294 ,0.02149999999999999    ,12->4
     7 ,    46 ,  0.0886 ,  0.0672 ,0.021400000000000002   ,7->46
    18 ,    47 ,  0.0415 ,  0.0201 ,0.021400000000000002   ,18->47
     9 ,    37 ,  0.0398 ,  0.0612 ,0.021399999999999995   ,37->9
    40 ,    44 ,  0.0821 ,  0.1035 ,0.02139999999999999    ,44->40
    42 ,    45 ,  0.0375 ,  0.0162 ,0.0213                 ,42->45
    23 ,    45 ,  0.0442 ,  0.023  ,0.021200000000000004   ,23->45
    24 ,    47 ,  0.0432 ,  0.022  ,0.021200000000000004   ,24->47
    25 ,    41 ,  0.0355 ,  0.0567 ,0.021200000000000004   ,41->25
    23 ,    41 ,  0.0354 ,  0.0142 ,0.0212                 ,23->41
     6 ,     9 ,  0.5153 ,  0.4941 ,0.021199999999999997   ,6->9
    24 ,    30 ,  0.0332 ,  0.0121 ,0.0211                 ,24->30
    37 ,    46 ,  0.0504 ,  0.0715 ,0.021099999999999994   ,46->37
    20 ,    47 ,  0.0428 ,  0.0218 ,0.020999999999999998   ,20->47
    32 ,    41 ,  0.0543 ,  0.0333 ,0.020999999999999998   ,32->41
    44 ,    46 ,  0.0425 ,  0.0217 ,0.020800000000000003   ,44->46
    26 ,    45 ,  0.0283 ,  0.0491 ,0.0208                 ,45->26
     5 ,    31 ,  0.0636 ,  0.043  ,0.020600000000000007   ,5->31
     7 ,    27 ,  0.1333 ,  0.1539 ,0.020600000000000007   ,27->7
    20 ,    30 ,  0.0336 ,  0.0131 ,0.020499999999999997   ,20->30
    31 ,    49 ,  0.0211 ,  0.0416 ,0.020499999999999997   ,49->31
     3 ,    43 ,  0.0269 ,  0.0473 ,0.0204                 ,43->3
     7 ,    40 ,  0.0284 ,  0.0488 ,0.0204                 ,40->7
     9 ,    31 ,  0.0522 ,  0.0318 ,0.0204                 ,9->31
     1 ,    30 ,  0.0467 ,  0.067  ,0.020300000000000006   ,30->1
     3 ,    32 ,  0.073  ,  0.0932 ,0.02020000000000001    ,32->3
    26 ,    29 ,  0.1803 ,  0.2004 ,0.020100000000000007   ,29->26
    19 ,    46 ,  0.0525 ,  0.0324 ,0.0201                 ,19->46
    33 ,    46 ,  0.0462 ,  0.0261 ,0.020099999999999996   ,33->46
     6 ,    13 ,  0.5195 ,  0.5395 ,0.020000000000000018   ,13->6
     9 ,    40 ,  0.0262 ,  0.0461 ,0.0199                 ,40->9
    15 ,    31 ,  0.0352 ,  0.0153 ,0.0199                 ,15->31
    17 ,    30 ,  0.0325 ,  0.0126 ,0.0199                 ,17->30
     7 ,    31 ,  0.0588 ,  0.039  ,0.019799999999999998   ,7->31
    19 ,    32 ,  0.0496 ,  0.0298 ,0.019799999999999998   ,19->32
    20 ,    48 ,  0.0409 ,  0.0213 ,0.0196                 ,20->48
    15 ,    49 ,  0.0481 ,  0.0285 ,0.019599999999999996   ,15->49
     7 ,    33 ,  0.076  ,  0.0955 ,0.019500000000000003   ,33->7
    29 ,    45 ,  0.0394 ,  0.0589 ,0.019500000000000003   ,45->29
     6 ,    28 ,  0.0912 ,  0.1106 ,0.0194                 ,28->6
     7 ,    49 ,  0.0939 ,  0.0745 ,0.0194                 ,7->49
    24 ,    45 ,  0.0358 ,  0.0166 ,0.0192                 ,24->45
     1 ,    43 ,  0.0474 ,  0.0664 ,0.019000000000000003   ,43->1
    27 ,    30 ,  0.0627 ,  0.0438 ,0.018900000000000007   ,27->30
    24 ,    46 ,  0.0332 ,  0.0147 ,0.018500000000000003   ,24->46
     7 ,    26 ,  0.0802 ,  0.0617 ,0.018499999999999996   ,7->26
    41 ,    44 ,  0.0617 ,  0.0801 ,0.018400000000000007   ,44->41
    43 ,    45 ,  0.0457 ,  0.0273 ,0.018399999999999996   ,43->45
    24 ,    31 ,  0.0307 ,  0.0125 ,0.0182                 ,24->31
    19 ,    45 ,  0.037  ,  0.0189 ,0.018099999999999998   ,19->45
     9 ,    25 ,  0.0608 ,  0.0787 ,0.017900000000000006   ,25->9
    22 ,    30 ,  0.0323 ,  0.0144 ,0.017900000000000003   ,22->30
    20 ,    32 ,  0.0365 ,  0.0186 ,0.0179                 ,20->32
    43 ,    48 ,  0.1059 ,  0.088  ,0.0179                 ,43->48
    29 ,    34 ,  0.0526 ,  0.0704 ,0.017800000000000003   ,34->29
    27 ,    31 ,  0.0633 ,  0.081  ,0.017700000000000007   ,31->27
     2 ,    42 ,  0.0438 ,  0.0615 ,0.0177                 ,42->2
    47 ,    49 ,  0.1085 ,  0.0908 ,0.017699999999999994   ,47->49
    43 ,    46 ,  0.046  ,  0.0285 ,0.017499999999999998   ,43->46
     1 ,    44 ,  0.0465 ,  0.0639 ,0.0174                 ,44->1
     9 ,    49 ,  0.0461 ,  0.0635 ,0.0174                 ,49->9
    13 ,    31 ,  0.0719 ,  0.0893 ,0.0174                 ,31->13
    19 ,    31 ,  0.0338 ,  0.0164 ,0.017399999999999995   ,19->31
    23 ,    46 ,  0.0338 ,  0.0165 ,0.017299999999999996   ,23->46
     6 ,     8 ,  0.3959 ,  0.3786 ,0.017299999999999982   ,6->8
    20 ,    44 ,  0.035  ,  0.0178 ,0.017200000000000003   ,20->44
    32 ,    46 ,  0.0362 ,  0.0191 ,0.017100000000000004   ,32->46
    45 ,    47 ,  0.102  ,  0.085  ,0.016999999999999987   ,45->47
     4 ,    33 ,  0.0508 ,  0.0676 ,0.016799999999999995   ,33->4
    21 ,    40 ,  0.0336 ,  0.0169 ,0.0167                 ,21->40
     3 ,    12 ,  0.1691 ,  0.1858 ,0.016699999999999993   ,12->3
     3 ,    48 ,  0.063  ,  0.0797 ,0.016699999999999993   ,48->3
     8 ,    34 ,  0.0674 ,  0.0508 ,0.016600000000000004   ,8->34
    48 ,    49 ,  0.1682 ,  0.1848 ,0.016600000000000004   ,49->48
    21 ,    32 ,  0.0361 ,  0.0197 ,0.0164                 ,21->32
    21 ,    31 ,  0.0286 ,  0.0122 ,0.016399999999999998   ,21->31
    12 ,    25 ,  0.1238 ,  0.1075 ,0.016299999999999995   ,12->25
    45 ,    48 ,  0.0794 ,  0.0632 ,0.016199999999999992   ,45->48
    38 ,    40 ,  0.0745 ,  0.0906 ,0.016100000000000003   ,40->38
    20 ,    49 ,  0.034  ,  0.018  ,0.016000000000000004   ,20->49
     0 ,    46 ,  0.0314 ,  0.0473 ,0.015900000000000004   ,46->0
    22 ,    31 ,  0.0295 ,  0.0136 ,0.015899999999999997   ,22->31
    28 ,    31 ,  0.038  ,  0.0537 ,0.0157                 ,31->28
     8 ,    40 ,  0.0332 ,  0.0487 ,0.0155                 ,40->8
    20 ,    31 ,  0.0275 ,  0.012  ,0.0155                 ,20->31
     5 ,    28 ,  0.0896 ,  0.105  ,0.015399999999999997   ,28->5
    33 ,    42 ,  0.0783 ,  0.0936 ,0.015300000000000008   ,42->33
    18 ,    34 ,  0.0449 ,  0.0297 ,0.015200000000000002   ,18->34
     3 ,    49 ,  0.0486 ,  0.0638 ,0.015199999999999998   ,49->3
    24 ,    48 ,  0.0324 ,  0.0173 ,0.015099999999999999   ,24->48
    19 ,    49 ,  0.0364 ,  0.0214 ,0.015000000000000003   ,19->49
     4 ,    45 ,  0.0471 ,  0.062  ,0.014899999999999997   ,45->4
    44 ,    48 ,  0.081  ,  0.0661 ,0.014899999999999997   ,44->48
     1 ,    34 ,  0.0771 ,  0.0623 ,0.0148                 ,1->34
    19 ,    30 ,  0.0349 ,  0.0201 ,0.0148                 ,19->30
    19 ,    20 ,  0.0099 ,  0.0247 ,0.014799999999999999   ,20->19
     2 ,    43 ,  0.0379 ,  0.0527 ,0.014799999999999994   ,43->2
     7 ,    48 ,  0.0927 ,  0.1075 ,0.014799999999999994   ,48->7
    47 ,    48 ,  0.2084 ,  0.1937 ,0.01469999999999999    ,47->48
    23 ,    24 ,  0.0316 ,  0.0462 ,0.014599999999999995   ,24->23
     1 ,    33 ,  0.105  ,  0.1194 ,0.01440000000000001    ,33->1
     3 ,    46 ,  0.0341 ,  0.0485 ,0.014400000000000003   ,46->3
    25 ,    38 ,  0.2005 ,  0.2149 ,0.014399999999999996   ,38->25
     2 ,    15 ,  0.0494 ,  0.0637 ,0.014300000000000007   ,15->2
    16 ,    19 ,  0.0737 ,  0.0879 ,0.014200000000000004   ,19->16
    21 ,    41 ,  0.0328 ,  0.0186 ,0.014200000000000004   ,21->41
     0 ,    26 ,  0.0371 ,  0.0513 ,0.014199999999999997   ,26->0
    15 ,    23 ,  0.0195 ,  0.0336 ,0.014099999999999998   ,23->15
    32 ,    45 ,  0.0305 ,  0.0164 ,0.014099999999999998   ,32->45
    40 ,    45 ,  0.0246 ,  0.0387 ,0.014099999999999998   ,45->40
    17 ,    34 ,  0.0413 ,  0.0273 ,0.014000000000000002   ,17->34
    20 ,    33 ,  0.0369 ,  0.0229 ,0.014000000000000002   ,20->33
    21 ,    45 ,  0.0287 ,  0.0147 ,0.014                  ,21->45
    32 ,    42 ,  0.0939 ,  0.1078 ,0.01390000000000001    ,42->32
    22 ,    40 ,  0.0335 ,  0.0196 ,0.013900000000000003   ,22->40
     2 ,    44 ,  0.0514 ,  0.0653 ,0.013899999999999996   ,44->2
     4 ,    28 ,  0.065  ,  0.0789 ,0.013899999999999996   ,28->4
    22 ,    44 ,  0.0363 ,  0.0227 ,0.013599999999999998   ,22->44
     4 ,    44 ,  0.0394 ,  0.0529 ,0.013500000000000005   ,44->4
    41 ,    48 ,  0.046  ,  0.0595 ,0.013499999999999998   ,48->41
     1 ,    49 ,  0.0676 ,  0.0541 ,0.013499999999999991   ,1->49
    19 ,    21 ,  0.0123 ,  0.0255 ,0.013199999999999998   ,21->19
     3 ,    29 ,  0.0767 ,  0.0898 ,0.0131                 ,29->3
    13 ,    38 ,  0.2226 ,  0.2095 ,0.0131                 ,13->38
    29 ,    40 ,  0.0497 ,  0.0368 ,0.012900000000000002   ,29->40
    20 ,    45 ,  0.0286 ,  0.0159 ,0.0127                 ,20->45
    16 ,    30 ,  0.0281 ,  0.0155 ,0.0126                 ,16->30
    27 ,    43 ,  0.0636 ,  0.0762 ,0.0126                 ,43->27
    44 ,    45 ,  0.0422 ,  0.0296 ,0.0126                 ,44->45
     9 ,    30 ,  0.0491 ,  0.0366 ,0.012499999999999997   ,9->30
     0 ,    40 ,  0.0226 ,  0.035  ,0.012400000000000005   ,40->0
    41 ,    45 ,  0.0203 ,  0.0327 ,0.012400000000000001   ,45->41
     6 ,    31 ,  0.0587 ,  0.0464 ,0.012300000000000005   ,6->31
    23 ,    30 ,  0.024  ,  0.0117 ,0.0123                 ,23->30
    16 ,    23 ,  0.0164 ,  0.0287 ,0.012299999999999998   ,23->16
    22 ,    43 ,  0.0281 ,  0.0158 ,0.012299999999999998   ,22->43
     0 ,    38 ,  0.0766 ,  0.0644 ,0.012200000000000003   ,0->38
    33 ,    45 ,  0.0402 ,  0.028  ,0.012199999999999999   ,33->45
     4 ,    31 ,  0.0545 ,  0.0666 ,0.012100000000000007   ,31->4
    32 ,    40 ,  0.0386 ,  0.0265 ,0.012100000000000003   ,32->40
    25 ,    46 ,  0.0312 ,  0.0433 ,0.0121                 ,46->25
    25 ,    34 ,  0.0542 ,  0.0662 ,0.011999999999999997   ,34->25
    22 ,    42 ,  0.0365 ,  0.0246 ,0.011899999999999997   ,22->42
    29 ,    37 ,  0.1189 ,  0.1307 ,0.011800000000000005   ,37->29
    23 ,    40 ,  0.0267 ,  0.015  ,0.011700000000000002   ,23->40
    19 ,    33 ,  0.0444 ,  0.0328 ,0.0116                 ,19->33
    30 ,    42 ,  0.0565 ,  0.0681 ,0.011599999999999992   ,42->30
     8 ,    37 ,  0.0559 ,  0.0673 ,0.0114                 ,37->8
    24 ,    40 ,  0.0242 ,  0.0128 ,0.011399999999999999   ,24->40
    37 ,    40 ,  0.0907 ,  0.1021 ,0.011399999999999993   ,40->37
    21 ,    47 ,  0.036  ,  0.0249 ,0.011099999999999999   ,21->47
    30 ,    48 ,  0.0259 ,  0.037  ,0.011099999999999999   ,48->30
     5 ,    38 ,  0.1084 ,  0.0974 ,0.010999999999999996   ,5->38
    15 ,    21 ,  0.0207 ,  0.0316 ,0.010900000000000003   ,21->15
    23 ,    44 ,  0.029  ,  0.0181 ,0.0109                 ,23->44
    21 ,    46 ,  0.0238 ,  0.013  ,0.010800000000000002   ,21->46
    19 ,    47 ,  0.0448 ,  0.0341 ,0.010700000000000001   ,19->47
    12 ,    31 ,  0.0609 ,  0.0503 ,0.010600000000000005   ,12->31
    26 ,    49 ,  0.043  ,  0.0536 ,0.010600000000000005   ,49->26
     8 ,    28 ,  0.1047 ,  0.0941 ,0.010599999999999998   ,8->28
    20 ,    34 ,  0.0265 ,  0.0159 ,0.010599999999999998   ,20->34
    33 ,    48 ,  0.0698 ,  0.0593 ,0.010500000000000002   ,33->48
    37 ,    45 ,  0.046  ,  0.0565 ,0.010500000000000002   ,45->37
    40 ,    41 ,  0.1061 ,  0.0956 ,0.010499999999999995   ,40->41
     9 ,    28 ,  0.0786 ,  0.0682 ,0.010400000000000006   ,9->28
     8 ,    33 ,  0.0489 ,  0.0593 ,0.0104                 ,33->8
    24 ,    41 ,  0.0285 ,  0.0182 ,0.0103                 ,24->41
    31 ,    47 ,  0.0492 ,  0.0595 ,0.010299999999999997   ,47->31
     0 ,    12 ,  0.1256 ,  0.1153 ,0.01029999999999999    ,0->12
    19 ,    23 ,  0.0186 ,  0.0288 ,0.0102                 ,23->19
     3 ,    40 ,  0.0251 ,  0.0353 ,0.010199999999999997   ,40->3
    18 ,    21 ,  0.0123 ,  0.0224 ,0.0101                 ,21->18
     4 ,    25 ,  0.0757 ,  0.0656 ,0.010099999999999998   ,4->25
    36 ,    39 ,  0.7974 ,  0.7874 ,0.010000000000000009   ,36->39
    18 ,    23 ,  0.0234 ,  0.0334 ,0.009999999999999998   ,23->18
    32 ,    44 ,  0.0628 ,  0.0528 ,0.009999999999999995   ,32->44
    44 ,    47 ,  0.0668 ,  0.0768 ,0.009999999999999995   ,47->44
     4 ,    40 ,  0.0326 ,  0.0425 ,0.009900000000000006   ,40->4
    32 ,    43 ,  0.0683 ,  0.0584 ,0.009899999999999999   ,32->43
     1 ,    37 ,  0.1349 ,  0.125  ,0.009899999999999992   ,1->37
    16 ,    42 ,  0.0224 ,  0.0322 ,0.0098                 ,42->16
     9 ,    34 ,  0.0569 ,  0.0471 ,0.009799999999999996   ,9->34
     8 ,    45 ,  0.0932 ,  0.103  ,0.00979999999999999    ,45->8
     3 ,    44 ,  0.0359 ,  0.0456 ,0.0097                 ,44->3
    28 ,    30 ,  0.0452 ,  0.0355 ,0.0097                 ,28->30
    29 ,    46 ,  0.0517 ,  0.042  ,0.0097                 ,29->46
    31 ,    46 ,  0.0355 ,  0.0258 ,0.009699999999999997   ,31->46
     4 ,    46 ,  0.0342 ,  0.0438 ,0.009599999999999997   ,46->4
    15 ,    30 ,  0.0355 ,  0.0259 ,0.009599999999999997   ,15->30
     2 ,    31 ,  0.0584 ,  0.0489 ,0.009500000000000001   ,2->31
     4 ,    34 ,  0.0545 ,  0.064  ,0.009500000000000001   ,34->4
    17 ,    21 ,  0.0136 ,  0.023  ,0.0094                 ,21->17
    27 ,    46 ,  0.0559 ,  0.0465 ,0.009399999999999999   ,27->46
    26 ,    30 ,  0.0396 ,  0.0489 ,0.009299999999999996   ,30->26
    28 ,    37 ,  0.1468 ,  0.1376 ,0.009200000000000014   ,28->37
    27 ,    41 ,  0.0638 ,  0.0546 ,0.009199999999999993   ,27->41
    16 ,    31 ,  0.0222 ,  0.0131 ,0.0091                 ,16->31
     3 ,    28 ,  0.0829 ,  0.0738 ,0.009099999999999997   ,3->28
     4 ,    29 ,  0.0836 ,  0.0745 ,0.009099999999999997   ,4->29
    34 ,    43 ,  0.0475 ,  0.0385 ,0.009000000000000001   ,34->43
    16 ,    20 ,  0.0118 ,  0.0208 ,0.009                  ,20->16
     2 ,    46 ,  0.0512 ,  0.0423 ,0.008900000000000005   ,2->46
    19 ,    48 ,  0.035  ,  0.0263 ,0.008700000000000003   ,19->48
    16 ,    32 ,  0.0326 ,  0.0239 ,0.008699999999999996   ,16->32
    20 ,    24 ,  0.0289 ,  0.0375 ,0.0086                 ,24->20
     1 ,    28 ,  0.0909 ,  0.0823 ,0.008599999999999997   ,1->28
     0 ,    25 ,  0.0376 ,  0.0291 ,0.0085                 ,0->25
     4 ,    41 ,  0.0476 ,  0.0391 ,0.0085                 ,4->41
    27 ,    40 ,  0.0382 ,  0.0467 ,0.0085                 ,40->27
    28 ,    41 ,  0.0468 ,  0.0553 ,0.0085                 ,41->28
     6 ,    38 ,  0.0851 ,  0.0935 ,0.008400000000000005   ,38->6
    30 ,    45 ,  0.0287 ,  0.0371 ,0.008400000000000001   ,45->30
    24 ,    44 ,  0.0212 ,  0.0128 ,0.0084                 ,24->44
    15 ,    43 ,  0.0333 ,  0.025  ,0.008300000000000002   ,15->43
    37 ,    41 ,  0.0846 ,  0.0929 ,0.008300000000000002   ,41->37
    31 ,    40 ,  0.0375 ,  0.0294 ,0.0081                 ,31->40
     9 ,    38 ,  0.0594 ,  0.0674 ,0.008                  ,38->9
     4 ,    37 ,  0.1176 ,  0.1256 ,0.007999999999999993   ,37->4
     0 ,    29 ,  0.0451 ,  0.0372 ,0.007900000000000004   ,0->29
     3 ,    31 ,  0.0487 ,  0.0409 ,0.007800000000000001   ,3->31
     8 ,    26 ,  0.0778 ,  0.07   ,0.0077999999999999875  ,8->26
    40 ,    46 ,  0.0304 ,  0.0381 ,0.007700000000000002   ,46->40
     2 ,    48 ,  0.098  ,  0.0903 ,0.0076999999999999985  ,2->48
    15 ,    34 ,  0.0299 ,  0.0222 ,0.0076999999999999985  ,15->34
     1 ,    40 ,  0.0349 ,  0.0273 ,0.007599999999999999   ,1->40
    22 ,    41 ,  0.0327 ,  0.0251 ,0.007599999999999999   ,22->41
    34 ,    40 ,  0.0365 ,  0.0292 ,0.0072999999999999975  ,34->40
    29 ,    44 ,  0.0507 ,  0.0435 ,0.007200000000000005   ,29->44
    30 ,    40 ,  0.0371 ,  0.0299 ,0.0072000000000000015  ,30->40
    21 ,    24 ,  0.026  ,  0.0188 ,0.007199999999999998   ,21->24
    34 ,    42 ,  0.0364 ,  0.0436 ,0.007199999999999998   ,42->34
    22 ,    24 ,  0.0377 ,  0.0448 ,0.007100000000000002   ,24->22
    23 ,    43 ,  0.022  ,  0.0149 ,0.007099999999999999   ,23->43
    34 ,    48 ,  0.0452 ,  0.0382 ,0.006999999999999999   ,34->48
    15 ,    19 ,  0.0677 ,  0.0746 ,0.006900000000000003   ,19->15
    28 ,    34 ,  0.0515 ,  0.0584 ,0.006900000000000003   ,34->28
    31 ,    41 ,  0.0391 ,  0.0322 ,0.006900000000000003   ,31->41
    17 ,    43 ,  0.0207 ,  0.0138 ,0.0069                 ,17->43
     1 ,    31 ,  0.0432 ,  0.0501 ,0.006899999999999996   ,31->1
     7 ,    30 ,  0.0543 ,  0.0611 ,0.0068000000000000005  ,30->7
    31 ,    48 ,  0.033  ,  0.0398 ,0.0068000000000000005  ,48->31
     2 ,    30 ,  0.0522 ,  0.059  ,0.0067999999999999935  ,30->2
    46 ,    48 ,  0.0833 ,  0.0767 ,0.006599999999999995   ,46->48
    11 ,    35 ,  0.6504 ,  0.6439 ,0.00649999999999995    ,11->35
     3 ,     6 ,  0.1525 ,  0.1589 ,0.006400000000000017   ,6->3
    30 ,    47 ,  0.0516 ,  0.058  ,0.006400000000000003   ,47->30
    21 ,    49 ,  0.0228 ,  0.0164 ,0.0063999999999999994  ,21->49
    29 ,    49 ,  0.0519 ,  0.0583 ,0.006399999999999996   ,49->29
    31 ,    43 ,  0.0508 ,  0.0444 ,0.006399999999999996   ,31->43
    15 ,    44 ,  0.0337 ,  0.0274 ,0.0063                 ,15->44
    19 ,    42 ,  0.0212 ,  0.0274 ,0.006200000000000001   ,42->19
    31 ,    44 ,  0.044  ,  0.0378 ,0.006199999999999997   ,31->44
    16 ,    43 ,  0.0151 ,  0.0212 ,0.0060999999999999995  ,43->16
     7 ,    34 ,  0.0794 ,  0.0854 ,0.006000000000000005   ,34->7
    34 ,    44 ,  0.0432 ,  0.0372 ,0.006000000000000005   ,34->44
    23 ,    42 ,  0.0269 ,  0.0209 ,0.006000000000000002   ,23->42
    15 ,    40 ,  0.0319 ,  0.0259 ,0.005999999999999998   ,15->40
    43 ,    49 ,  0.0549 ,  0.0489 ,0.005999999999999998   ,43->49
    30 ,    33 ,  0.0732 ,  0.0791 ,0.0059000000000000025  ,33->30
    30 ,    44 ,  0.0347 ,  0.0406 ,0.0058999999999999955  ,44->30
     1 ,    41 ,  0.0544 ,  0.0486 ,0.0058                 ,1->41
     9 ,    33 ,  0.0487 ,  0.0545 ,0.0058                 ,33->9
    15 ,    41 ,  0.0417 ,  0.036  ,0.005700000000000004   ,15->41
    17 ,    41 ,  0.0206 ,  0.0262 ,0.005600000000000001   ,41->17
    12 ,    38 ,  0.1321 ,  0.1377 ,0.005599999999999994   ,38->12
    27 ,    49 ,  0.076  ,  0.0704 ,0.005599999999999994   ,27->49
    19 ,    44 ,  0.0241 ,  0.0186 ,0.005500000000000001   ,19->44
    20 ,    22 ,  0.0259 ,  0.0314 ,0.005499999999999998   ,22->20
     4 ,     9 ,  0.0749 ,  0.0803 ,0.005400000000000002   ,9->4
    18 ,    43 ,  0.0187 ,  0.0134 ,0.005300000000000001   ,18->43
     3 ,    25 ,  0.0563 ,  0.0511 ,0.005200000000000003   ,3->25
    17 ,    40 ,  0.0268 ,  0.0216 ,0.0052                 ,17->40
    30 ,    32 ,  0.0994 ,  0.0942 ,0.005199999999999996   ,30->32
    19 ,    40 ,  0.0214 ,  0.0163 ,0.0051                 ,19->40
    16 ,    40 ,  0.0258 ,  0.0208 ,0.005000000000000001   ,16->40
    24 ,    43 ,  0.0239 ,  0.0189 ,0.005000000000000001   ,24->43
    21 ,    44 ,  0.0313 ,  0.0264 ,0.004900000000000002   ,21->44
    28 ,    49 ,  0.0695 ,  0.0646 ,0.004900000000000002   ,28->49
     5 ,    25 ,  0.089  ,  0.0842 ,0.004799999999999999   ,5->25
    21 ,    23 ,  0.0278 ,  0.023  ,0.004799999999999999   ,21->23
    25 ,    40 ,  0.0514 ,  0.0466 ,0.004799999999999999   ,25->40
    34 ,    41 ,  0.0364 ,  0.0316 ,0.004799999999999999   ,34->41
     0 ,    28 ,  0.0461 ,  0.0508 ,0.004699999999999996   ,28->0
    16 ,    21 ,  0.0186 ,  0.0232 ,0.0046                 ,21->16
    28 ,    46 ,  0.058  ,  0.0534 ,0.0046                 ,28->46
    30 ,    43 ,  0.0505 ,  0.0551 ,0.0046                 ,43->30
     6 ,    25 ,  0.079  ,  0.0835 ,0.004500000000000004   ,25->6
    12 ,    49 ,  0.095  ,  0.0905 ,0.004500000000000004   ,12->49
    17 ,    44 ,  0.0198 ,  0.0153 ,0.004500000000000002   ,17->44
    12 ,    30 ,  0.0629 ,  0.0673 ,0.004400000000000001   ,30->12
    17 ,    23 ,  0.0284 ,  0.0328 ,0.004400000000000001   ,23->17
    34 ,    49 ,  0.0462 ,  0.0506 ,0.004400000000000001   ,49->34
    20 ,    43 ,  0.0308 ,  0.0265 ,0.004300000000000002   ,20->43
     5 ,    30 ,  0.0645 ,  0.0688 ,0.004299999999999998   ,30->5
    32 ,    48 ,  0.0751 ,  0.0794 ,0.004299999999999998   ,48->32
    21 ,    22 ,  0.0371 ,  0.0413 ,0.004200000000000002   ,22->21
     2 ,    40 ,  0.0323 ,  0.0365 ,0.004199999999999995   ,40->2
    19 ,    34 ,  0.0424 ,  0.0383 ,0.0040999999999999995  ,19->34
    30 ,    46 ,  0.0319 ,  0.0278 ,0.0040999999999999995  ,30->46
    33 ,    49 ,  0.0513 ,  0.0472 ,0.0040999999999999995  ,33->49
    19 ,    41 ,  0.0262 ,  0.0302 ,0.004                  ,41->19
     2 ,    34 ,  0.0782 ,  0.0821 ,0.0039000000000000007  ,34->2
     3 ,    41 ,  0.0392 ,  0.0353 ,0.0039000000000000007  ,3->41
    42 ,    49 ,  0.0454 ,  0.0416 ,0.0038000000000000048  ,42->49
     2 ,    45 ,  0.0495 ,  0.0532 ,0.003699999999999995   ,45->2
    27 ,    34 ,  0.0707 ,  0.0671 ,0.003599999999999992   ,27->34
    42 ,    43 ,  0.2462 ,  0.2426 ,0.003599999999999992   ,42->43
    25 ,    30 ,  0.0433 ,  0.0468 ,0.003500000000000003   ,30->25
    27 ,    44 ,  0.0566 ,  0.0601 ,0.003500000000000003   ,44->27
    18 ,    42 ,  0.0203 ,  0.0168 ,0.0034999999999999996  ,18->42
    26 ,    28 ,  0.14   ,  0.1366 ,0.003400000000000014   ,26->28
    44 ,    49 ,  0.0426 ,  0.046  ,0.0034000000000000002  ,49->44
    19 ,    43 ,  0.019  ,  0.0223 ,0.003300000000000001   ,43->19
    41 ,    46 ,  0.033  ,  0.0298 ,0.0032000000000000015  ,41->46
    21 ,    43 ,  0.0272 ,  0.024  ,0.003199999999999998   ,21->43
     8 ,    38 ,  0.0802 ,  0.077  ,0.0031999999999999945  ,8->38
     3 ,    33 ,  0.052  ,  0.055  ,0.0030000000000000027  ,33->3
    46 ,    47 ,  0.1027 ,  0.1057 ,0.0030000000000000027  ,47->46
    18 ,    41 ,  0.0198 ,  0.0228 ,0.002999999999999999   ,41->18
    21 ,    48 ,  0.0242 ,  0.0212 ,0.002999999999999999   ,21->48
    16 ,    44 ,  0.022  ,  0.0192 ,0.0028000000000000004  ,16->44
    20 ,    42 ,  0.0307 ,  0.0335 ,0.0028000000000000004  ,42->20
    16 ,    34 ,  0.0282 ,  0.0255 ,0.002700000000000001   ,16->34
    21 ,    42 ,  0.0286 ,  0.0313 ,0.002700000000000001   ,42->21
    29 ,    30 ,  0.0442 ,  0.0415 ,0.002700000000000001   ,29->30
    20 ,    23 ,  0.0237 ,  0.021  ,0.0026999999999999975  ,20->23
    20 ,    21 ,  0.0241 ,  0.0267 ,0.0026000000000000016  ,21->20
    24 ,    42 ,  0.0225 ,  0.0251 ,0.0026000000000000016  ,42->24
     2 ,    41 ,  0.0514 ,  0.0488 ,0.002599999999999998   ,2->41
    31 ,    42 ,  0.0628 ,  0.0602 ,0.002599999999999998   ,31->42
    33 ,    43 ,  0.0728 ,  0.0703 ,0.0025000000000000022  ,33->43
    18 ,    20 ,  0.01   ,  0.0124 ,0.0023999999999999994  ,20->18
    18 ,    40 ,  0.0196 ,  0.0217 ,0.002100000000000001   ,40->18
     0 ,    41 ,  0.0407 ,  0.0428 ,0.0020999999999999977  ,41->0
    28 ,    40 ,  0.034  ,  0.0361 ,0.0020999999999999977  ,40->28
     4 ,     6 ,  0.0957 ,  0.0936 ,0.0020999999999999908  ,4->6
    17 ,    20 ,  0.0132 ,  0.0151 ,0.0019000000000000006  ,20->17
     0 ,    31 ,  0.035  ,  0.0369 ,0.001899999999999999   ,31->0
     7 ,    45 ,  0.0817 ,  0.0798 ,0.001899999999999999   ,7->45
    32 ,    49 ,  0.0478 ,  0.0459 ,0.001899999999999999   ,32->49
    12 ,    45 ,  0.1295 ,  0.1312 ,0.001700000000000007   ,45->12
    34 ,    47 ,  0.0515 ,  0.0498 ,0.0017000000000000001  ,34->47
     7 ,    37 ,  0.0766 ,  0.0783 ,0.0016999999999999932  ,37->7
    28 ,    44 ,  0.044  ,  0.0454 ,0.0014000000000000054  ,44->28
     3 ,    30 ,  0.0414 ,  0.0428 ,0.0013999999999999985  ,30->3
    20 ,    46 ,  0.016  ,  0.0148 ,0.0011999999999999997  ,20->46
    28 ,    29 ,  0.2646 ,  0.2658 ,0.0011999999999999789  ,29->28
    33 ,    44 ,  0.05   ,  0.049  ,0.0010000000000000009  ,33->44
    33 ,    34 ,  0.1647 ,  0.1656 ,0.0008999999999999841  ,34->33
    15 ,    42 ,  0.0391 ,  0.0399 ,0.0007999999999999952  ,42->15
    29 ,    41 ,  0.0476 ,  0.0469 ,0.0007000000000000062  ,29->41
     1 ,    46 ,  0.0348 ,  0.0355 ,0.0006999999999999992  ,46->1
    17 ,    42 ,  0.0214 ,  0.022  ,0.0005999999999999998  ,42->17
    18 ,    44 ,  0.02   ,  0.0194 ,0.0005999999999999998  ,18->44
    31 ,    45 ,  0.028  ,  0.0286 ,0.0005999999999999998  ,45->31
    16 ,    41 ,  0.0252 ,  0.0248 ,0.00040000000000000105 ,16->41
     1 ,    45 ,  0.0374 ,  0.0372 ,0.00020000000000000573 ,1->45
     3 ,    37 ,  0.0774 ,  0.0773 ,0.00010000000000000286 ,3->37
     3 ,    34 ,  0.0565 ,  0.0566 ,9.999999999999593e-05  ,34->3
    33 ,    47 ,  0.0902 ,  0.0902 ,0.0                    ,47->33
